wheel_1_Force_x,wheel_1_Force_y,wheel_1_Force_z,wheel_2_Force_x,wheel_2_Force_y,wheel_2_Force_z,wheel_3_Force_x,wheel_3_Force_y,wheel_3_Force_z,wheel_4_Force_x,wheel_4_Force_y,wheel_4_Force_z,,,
0,0,138.73317,0,0,187.58023,-2.30464E-13,5.891858E-13,113.97214,0,0,103.582535,,,543.868075
0,0,115.218575,0,0,149.15411,-1.5156828E-12,1.5697051E-12,128.73282,0,0,148.7356,,,541.841105
0,0,108.00705,0,0,168.88435,0.019869484,-0.019869559,134.82903,0,0,161.07811,,,572.79854
0,0,79.62474,1.14309825E-10,-0.0004269501,206.21802,0,0,78.128136,0,0,214.6778,,,578.648696
-8.6050066E-05,0.00068839605,127.83889,0,0,161.4933,1.20576205E-11,-0.01042399,120.25672,0,0,158.74095,,,568.32986
0,0,131.05518,0,0,139.02834,-4.9760625E-12,-7.1693357E-13,122.918106,0,0,130.74274,,,523.744366
0,0,116.41989,0,0,184.24889,-4.3989794E-12,2.3409727E-12,122.93496,0,0,156.14374,,,579.74748
0,0,125.8049,0,0,167.53966,3.052861E-12,1.568487E-12,124.58139,0,0,172.4076,,,590.33355
0,0,118.1788,0,0,148.6539,-4.3779216E-12,2.0157417E-12,125.1551,0,0,112.49776,,,504.48556
0,0,121.62395,0,0,174.90456,-9.525903E-12,1.5916311E-12,129.44226,0,0,181.31744,,,607.28821
0,0,76.148705,3.605282E-11,-0.00026674313,210.68607,0,0,83.0429,0,0,201.5469,,,571.424575
0,0,126.58406,0,0,156.37961,-1.6965205E-12,9.517222E-13,123.94283,0,0,149.35803,,,556.26453
0,0,124.65971,0,0,165.50046,-2.6661527E-12,1.2790747E-12,129.1308,0,0,145.6979,,,564.98887
0,0,81.80852,-2.3526457E-11,-0.0003188023,201.92038,0,0,82.39441,0,0,218.59378,,,584.71709
-0.00019641944,0.0015713533,125.90921,0,0,156.39192,0.007568914,-0.007568942,117.87212,0,0,160.6484,,,560.82165
0,0,128.29953,0,0,152.47899,-4.5444048E-12,2.333586E-12,126.72168,0,0,150.028,,,557.5282
0,0,83.93802,-3.0551634E-11,-0.000271852,205.07166,0,0,84.736984,0,0,215.44733,,,589.193994
-6.2081905E-05,0.00049662864,121.86043,0,0,156.79816,0.0026602615,-0.0026602712,117.44382,0,0,161.46606,,,557.56847
0,0,77.60507,9.654774E-11,-0.00023038329,206.22925,1.7805489E-13,-0.0014710152,83.0573,0.00012157665,-0.000972607,198.87787,,,565.76949
0,0,122.74454,0,0,168.06032,-4.4194587E-12,3.015254E-12,128.49811,0,0,165.54416,,,584.84713
0,0,81.39991,-1.6177414E-11,-0.00032654087,206.82126,0,0,80.151184,0,0,204.33318,,,572.705534
0,0,130.38768,0,0,132.54546,-8.5394143E-13,-2.1157314E-13,116.6066,0,0,123.68428,,,503.22402
0,0,128.06833,0,0,162.46216,-1.7577315E-12,-8.638746E-13,121.80075,0,0,159.62715,,,571.95839
0,0,122.83004,0,0,138.75389,-3.436225E-12,2.1119126E-12,116.30459,0,0,136.04465,,,513.93317
0,0,125.83351,0,0,168.88986,-4.4019046E-12,-7.947185E-15,118.80578,0,0,175.60913,,,589.13828
0,0,73.463974,3.669053E-11,-0.00026499273,222.38483,0,0,85.39501,0,0,210.58496,,,591.828774
0,0,79.70057,-4.206939E-11,-0.00029557143,196.47377,0,0,82.57939,0,0,202.19907,,,560.9528
0,0,128.86597,0,0,150.78793,-2.5924432E-12,9.668221E-14,119.67714,0,0,134.28188,,,533.61292
0,0,78.07096,3.0636615E-11,-0.00028903215,218.03098,0,0,84.03,0,0,217.9521,,,598.08404
0,0,78.078064,-1.1936686E-11,-0.00031138753,197.2236,0,0,83.03291,0,0,196.49054,,,554.825114
0,0,122.22763,0,0,156.88602,-2.6379105E-12,1.9894928E-12,127.77866,0,0,140.95259,,,547.8449
-0.00020385056,0.0016308026,120.00842,0,0,175.88707,0,0.003962999,128.31285,2.955787E-06,-2.3646297E-05,160.87968,,,585.08802
0,0,85.209694,-6.548865E-11,-0.0001919853,201.39381,0,0,78.01336,0,0,224.51723,,,589.134094
0,0,127.302284,0,0,149.56473,-2.2398097E-12,-9.210061E-13,122.63542,0,0,148.15224,,,547.654674
0,0,127.540276,0,0,160.38562,5.3270157E-12,3.759251E-12,129.6886,0,0,154.05124,,,571.665736
0,0,82.95053,2.092263E-11,-9.918102E-05,201.7753,0,0,85.07886,0,0,209.11012,,,578.91481
0,0,78.55281,3.183263E-11,-2.0180805E-05,225.80646,0,0,75.27192,0,0,231.98076,,,611.61195
0,0,117.098755,0,0,151.03711,1.1322219E-12,5.0003334E-13,130.75069,0,0,123.43039,,,522.316945
0,0,121.58649,0,0,170.92165,2.4191329E-15,2.3548245E-12,133.15875,0,0,175.34105,,,601.00794
0,0,77.889854,-1.3175268E-11,-7.507032E-05,209.99449,0,0,88.75316,0,0,209.32045,,,585.957954
0,0,132.4443,0,0,134.28412,0,0,126.13173,0,0,142.68835,,,535.5485
0,0,79.93888,1.8425168E-11,-8.838076E-05,204.6029,0,0,85.62606,0,0,213.42117,,,583.58901
0,0,124.79108,0,0,137.35199,0.04363223,-0.043632396,117.48938,0,0,136.04683,,,515.67928
0,0,79.53711,6.447795E-11,-3.8428653E-12,210.3353,0,0,84.55349,0,0,213.69597,,,588.12187
0,0,119.40285,0,0,142.89587,-3.1954912E-12,-5.3317637E-14,129.77834,0,0,118.55236,,,510.62942
0,0,127.30984,0,0,163.42523,1.5133957E-12,6.2010027E-13,122.628845,0,0,164.79095,,,578.154865
0,0,123.46126,0,0,138.141,1.0857655E-12,8.2352587E-13,124.57063,0,0,117.84982,,,504.02271
0,0,79.306114,-1.1660057E-11,-6.312964E-05,201.82051,3.1438662E-12,1.6356143E-12,88.08237,0,0,194.01381,,,563.222804
0,0,124.17607,0,0,160.50735,0.059698537,-0.059698764,121.64932,0,0,163.17892,,,569.51166
0,0,127.794174,0,0,159.74886,-5.500797E-12,4.6390036E-12,121.89449,0,0,152.27367,,,561.711194
0,0,80.06664,1.477053E-11,6.174877E-06,207.27446,0,0,77.12237,0,0,208.7905,,,573.25397
0,0,121.60593,0,0,160.19524,1.6798451E-12,1.1574103E-12,119.15496,0,0,151.93787,,,552.894
0,0,122.19946,0,0,150.8065,5.0825116E-13,2.536573E-13,123.73272,0,0,129.47162,,,526.2103
0,0,125.937546,0,0,161.30814,2.8727645E-12,7.494461E-13,120.19265,0,0,174.07956,,,581.517896
0,0,118.46474,0,0,165.25835,0.044218075,-0.044218242,129.72975,0,0,148.93765,,,562.39049
0,0,117.33067,0,0,184.29062,-5.271617E-12,7.922978E-12,133.35344,0,0,164.82079,,,599.79552
0,0,121.536545,0,0,154.11707,-3.8337523E-12,8.627148E-13,120.60736,0,0,130.11517,,,526.376145
0,0,78.91408,-4.857982E-11,5.1687988E-05,204.12065,0,0,93.22957,0,0,197.25893,,,573.52323
0,0,133.67732,0,0,146.0753,0,0,122.62512,0,0,156.03593,,,558.41367
0,0,120.917175,0,0,177.80258,-4.136685E-12,2.050541E-12,123.22575,0,0,164.21082,,,586.156325
0,0,123.380775,0,0,145.50943,0,0,133.33774,0,0,138.52599,,,540.753935
0,0,81.450356,4.5412714E-12,8.6992186E-05,201.38533,0,0,89.6572,0,0,205.45435,,,577.947236
0,0,119.98962,0,0,144.68446,3.476815E-12,-0.00010997828,131.48512,0,0,142.76599,,,538.92519
0,0,124.27942,0,0,167.11368,2.4948064E-12,-0.021729503,108.218315,0,0,180.74121,,,580.352625
0,0,122.458496,0,0,156.99246,-2.3322978E-12,1.4102913E-12,120.566025,0,0,141.46944,,,541.486421
0,0,120.42072,0,0,154.73285,-4.724962E-12,5.396383E-12,136.67798,0,0,133.88567,,,545.71722
0,0,116.3105,0,0,180.15611,-2.9742842E-12,-5.8535472E-12,128.1431,0,0,157.73445,,,582.34416
0,0,128.5888,0,0,163.54912,-1.2092174E-12,-3.863243E-12,124.573784,0,0,166.8885,,,583.600204
0,0,127.21683,0,0,161.00441,-2.1108378E-12,-5.663052E-12,124.71455,0,0,159.2142,,,572.14999
0,0,127.78916,0,0,147.73962,-1.0601199E-12,-3.4169922E-12,119.29886,0,0,133.17157,,,527.99921
0,0,124.595245,0,0,163.88412,-1.4427878E-12,7.382798E-13,112.17887,0,0,152.93448,,,553.592715
0,0,122.074776,0,0,142.39925,-1.5931374E-12,-1.8954569E-12,127.37434,0,0,131.93384,,,523.782206
0,0,115.14492,-0.00014891922,0.0011913509,165.72397,0.00040170387,-0.0004017054,129.82089,-0.00010498255,0.00083986064,142.19984,,,552.88962
0,0,81.63728,0,0,205.7767,0,0,76.92026,0,0,217.9787,,,582.31294
0,0,84.01486,0,0,195.60942,1.4519577E-12,3.650048E-12,84.18483,0,0,187.53671,,,551.34582
0,0,84.560974,0,0,205.09842,0,0,78.91852,0,0,220.23247,,,588.810384
0,0,116.15531,0,0,159.69913,-6.7874395E-12,-4.006506E-12,126.283585,-2.2802813E-05,0.00018242229,140.73988,,,542.877905
0,0,77.37501,0,0,206.4784,0,0,94.78784,0,0,203.98979,,,582.63104
0,0,133.12651,0,0,147.30124,0,0,125.83999,0,0,159.29767,,,565.56541
0,0,126.32858,0,0,168.7043,-2.6412186E-12,1.4312877E-12,123.55297,0,0,169.55003,,,588.13588
4.7660956E-06,-3.812874E-05,81.52693,0,0,201.06873,-0.004732,0.0047320183,84.245834,0,0,189.63205,,,556.473544
0,0,79.07513,0,0,206.2686,0,0,74.87777,0,0,208.43245,,,568.65395
1.3869316E-05,-0.00011095505,80.6165,0.00010665478,-0.0008532383,214.9939,-0.0018143606,0.0018143677,80.00249,0,0,225.29834,,,600.91123
0,0,79.44262,0,0,201.05118,2.7952376E-12,-8.580022E-12,76.61498,0,0,197.43385,,,554.54263
0,0,120.5517,0,0,145.71593,-6.990806E-13,2.545579E-12,120.39481,0,0,132.97739,,,519.63983
7.326784E-06,-5.8614285E-05,78.33049,0,0,208.56793,-1.8872677E-12,-2.04094E-12,75.26862,0,0,205.34021,,,567.50725
0,0,83.71333,0,0,198.2221,9.6003275E-11,-3.3101602E-10,79.59391,0,0,196.11838,,,557.64772
0,0,127.91783,0,0,165.9848,-5.879199E-12,1.4970267E-12,124.273384,0,0,172.0448,,,590.220814
0,0,129.53589,0,0,165.42702,-1.5044186E-12,1.5154023E-12,121.24774,0,0,173.33942,,,589.55007
0,0,122.692184,0,0,169.03152,-7.757296E-12,3.5083002E-12,116.048035,0,0,179.51129,,,587.283029
0,0,79.21407,0,0,209.69969,0,0,82.43436,0,0,211.60254,,,582.95066
0,0,127.44293,0,0,134.92966,-4.0944683E-12,-5.094287E-12,123.657646,0,0,122.39412,,,508.424356
0,0,128.98755,0,0,157.8676,-2.2915036E-12,-3.0309347E-12,126.307755,0,0,156.17877,,,569.341675
0,0,118.98959,0,0,176.66638,-3.000355E-12,2.2863573E-12,132.12611,0,0,158.61693,,,586.39901
0,0,113.18675,0,0,163.43054,-1.8283482E-11,-8.949044E-12,133.89377,0,0,147.80342,,,558.31448
0,0,126.7119,0,0,160.15536,1.1158634E-12,1.1757292E-12,121.98465,0,0,167.6822,,,576.53411
0,0,126.84226,0,0,153.42444,-1.5838023E-12,2.6578926E-12,113.1026,-1.806553E-05,0.00014452437,146.15663,,,539.52593
0,0,124.60724,0,0,157.05489,-1.2005802E-12,-3.6475315E-13,114.49658,0,0,142.08765,,,538.24636
0,0,73.092865,0,0,212.67963,0,0,92.424805,0,0,205.33675,,,583.53405
1.6758677E-05,-0.00013406931,81.57095,0.00010436407,-0.0008349132,205.5303,0,0,86.41143,0,0,208.16634,,,581.67902
0,0,119.30022,0,0,172.14938,0,0.012372827,131.7045,-6.961324E-05,0.0005569059,164.08842,,,587.24252
0,0,79.40093,0,0,202.34389,0,0,91.46817,0,0,207.6914,,,580.90439
0,0,127.80198,0,0,164.86916,-2.2058163E-12,5.2226825E-12,126.71329,0,0,165.17926,,,584.56369
0,0,125.90558,0,0,145.14728,1.5390007E-12,2.7024966E-12,129.86632,0,0,144.6535,,,545.57268
0,0,114.73766,0,0,170.48962,-3.9200596E-12,1.13527636E-13,136.05289,0,0,146.35709,,,567.63726
0,0,119.02104,0,0,167.2211,-1.0604387E-12,4.3670693E-13,131.04385,0,0,147.63019,,,564.91618
0,0,124.10843,0,0,164.14941,1.7306917E-13,2.8397979E-14,125.13843,0,0,167.75104,,,581.14731
0,0,117.887085,0,0,169.02376,-2.621191E-12,7.519073E-13,134.88234,0,0,153.26352,,,575.056705
0,0,129.57779,0,0,150.46246,-4.612974E-12,2.5685257E-12,124.811104,0,0,151.6775,,,556.528854
0,0,128.98796,0,0,156.31157,-4.047281E-12,5.0141176E-12,122.52404,0,0,160.90015,,,568.72372
0,0,123.6165,0,0,137.89355,-1.6815912E-12,1.9892944E-12,120.20606,0,0,126.886536,,,508.602646
0,0,125.721436,0,0,158.5786,-8.086722E-13,1.1756274E-12,112.346535,0,0,150.6514,,,547.297971
0,0,116.51599,0,0,160.0127,-1.7785872E-12,3.0387422E-12,140.24954,0,0,140.32613,,,557.10436
0,0,127.583,0,0,158.34612,6.695034E-13,7.5347E-12,125.587524,0,0,147.0574,,,558.574044
0,0,126.22936,0,0,148.74045,-1.828863E-12,2.1234418E-12,120.40959,0,0,126.88179,,,522.26119
0,0,131.68024,0,0,159.2029,4.245571E-12,1.2222161E-12,119.73154,0,0,162.67946,,,573.29414
0,0,119.75221,0,0,140.05113,-3.750025E-12,1.0532928E-12,123.08762,0,0,131.32986,,,514.22082
3.9703307E-05,-0.00031762625,107.55432,0,0,193.52745,-7.9620754E-12,0.010926645,127.37743,-7.469348E-05,0.00059754786,173.33208,,,601.79128
0,0,116.72767,0,0,160.3636,-5.4151744E-12,2.0607496E-12,120.54847,0,0,141.31177,,,538.95151
0,0,123.21842,0,0,164.18398,-3.16011E-12,2.1681001E-12,121.25241,0,0,146.51202,,,555.16683
0,0,124.046486,0,0,154.90277,-1.607473E-12,3.2078398E-13,125.02133,0,0,153.4852,,,557.455786
0,0,115.27664,0,0,172.3535,-2.3569295E-12,6.5048005E-13,129.79277,0,0,155.82655,,,573.24946
0,0,118.59483,0,0,147.72601,-2.5724941E-11,3.7127065E-11,132.14825,-4.7002795E-06,3.7602236E-05,140.70486,,,539.17395
0,0,120.60141,0,0,154.77263,-2.2275662E-12,1.2160097E-12,127.04899,0,0,149.08572,,,551.50875
0,0,113.43573,0,0,166.93895,-4.588237E-14,4.3096028E-13,125.92862,0,0,138.53029,,,544.83359
0,0,119.94549,0,0,153.49687,3.66806E-12,1.4063899E-11,122.83844,0,0,155.80797,,,552.08877
0,0,124.27903,0,0,151.64888,-5.651549E-12,8.520436E-12,120.72495,0,0,166.92032,,,563.57318
0,0,115.517105,0,0,187.27454,-2.3248135E-12,4.923397E-13,131.91107,0,0,163.6362,,,598.338915
0,0,126.652794,0,0,157.48853,-3.5102088E-12,1.8962865E-12,118.67975,0,0,159.58293,,,562.404004
0,0,124.2758,0,0,138.17491,-1.9096307E-12,2.8405566E-12,124.58087,0,0,129.14484,,,516.17642
0,0,127.46954,0,0,158.9319,7.1075334E-14,7.6540114E-13,117.77753,0,0,153.83272,,,558.01169
0,0,78.83991,0,0,210.70142,0,-0.00028813342,82.7623,0,0,216.71516,,,589.01879
0,0,126.481445,0,0,159.1777,-2.846624E-12,3.542201E-12,126.91289,0,0,164.14131,,,576.713345
0,0,81.60648,0,0,202.01074,0,0,82.30004,0,0,211.03815,,,576.95541
0,0,122.47789,0,0,141.77626,-5.6289474E-12,9.081678E-12,126.18164,0,0,124.53167,,,514.96746
2.8159378E-11,0.00055519,117.91556,0,0,153.66217,-0.0018581592,0.0018581662,127.66742,0,0,145.45508,,,544.70023
0,0,81.34035,0,0,200.89459,0,0,81.31789,0,0,209.77472,,,573.32755
0,0,127.780945,0,0,159.73036,-1.8993988E-12,7.8682227E-13,119.95067,0,0,153.64845,,,561.110425
0,0,124.17545,0,0,149.43153,-3.2380286E-12,9.960443E-13,129.52612,0,0,144.77173,,,547.90483
0,0,115.28383,0,0,185.78598,-1.6079905E-12,2.0509696E-12,138.41493,0,0,146.86024,,,586.34498
0,0,117.62592,0,0,150.96083,-4.962814E-13,9.133365E-13,129.81699,0,0,131.45895,,,529.86269
0,0,84.97166,0,0,200.28159,0,0,74.562965,0,0,217.55444,,,577.370655
0,0,118.81359,0,0,148.97636,-1.0926375E-12,2.7604876E-12,130.36797,0,0,129.402,,,527.55992
0,0,127.22539,0,0,166.54333,-9.034134E-13,1.3406527E-12,134.55801,0,0,163.09058,,,591.41731
0,0,129.53764,0,0,157.57776,-2.491585E-12,1.5423385E-12,118.52924,0,0,152.5802,,,558.22484
0,0,129.37265,0,0,161.6874,-1.0841065E-12,1.1744403E-12,125.65284,0,0,159.31073,,,576.02362
0,0,130.30275,0,0,159.8569,-1.398908E-12,4.2570507E-14,128.0428,0,0,159.61942,,,577.82187
0,0,118.34977,0,0,161.02568,-1.7831784E-12,2.508208E-12,129.13062,0,0,148.46921,,,556.97528
0,0,113.64723,0,0,174.03888,-1.7232669E-12,1.2363885E-12,134.9909,0,0,155.62486,,,578.30187
wheel_1_Force_x,wheel_1_Force_y,wheel_1_Force_z,wheel_2_Force_x,wheel_2_Force_y,wheel_2_Force_z,wheel_3_Force_x,wheel_3_Force_y,wheel_3_Force_z,wheel_4_Force_x,wheel_4_Force_y,wheel_4_Force_z
0.0,0.0,138.73317,0.0,0.0,187.58023,-2.30464e-13,5.891858e-13,113.97214,0.0,0.0,103.582535
0.0,0.0,115.218575,0.0,0.0,149.15411,-1.5156828e-12,1.5697051e-12,128.73282,0.0,0.0,148.7356
0.0,0.0,107.245445,0.0,0.0,169.05916,0.021122182,-0.021122262,136.16193,0.0,0.0,160.43968
0.0,0.0,125.47447,0.0,0.0,148.82948,-3.6663346e-12,1.6059491e-12,126.10721,0.0,0.0,135.57695
0.0,0.0,127.935875,0.0,0.0,159.1494,-2.8647232e-12,-1.874225e-14,119.53346,0.0,0.0,147.74393
0.0,0.0,122.73502,0.0,0.0,148.25258,-4.2683673e-12,3.5122565e-12,123.40778,0.0,0.0,121.55312
-0.00012153947,0.0009722938,120.47319,0.0,0.0,145.08731,-4.8678136e-12,-0.012621112,117.314316,0.0,0.0,147.1304
0.0,0.0,120.54084,0.0,0.0,150.37263,-1.2855845e-13,6.307461e-13,124.68683,0.0,0.0,119.88084
0.0,0.0,81.956055,-3.4909083e-11,-0.0003371321,198.54599,0.0,0.0,77.4631,0.0,0.0,225.90854
0.0,0.0,123.55562,0.0,0.0,139.24425,-1.8225317e-12,4.085928e-13,123.22456,0.0,0.0,118.750595
0.0,0.0,124.74951,0.0,0.0,149.3717,-1.043681e-12,8.84268e-14,125.05913,0.0,0.0,130.96632
0.0,0.0,119.50232,0.0,0.0,170.78401,-3.0464416e-12,1.2164217e-12,121.61342,0.0,0.0,166.33253
-0.00010987088,0.00087896606,125.5365,0.00015601174,-0.0015279518,159.22249,4.3751144e-12,-0.01323719,121.13214,0.0001413975,-0.0011311816,160.03157
0.0,0.0,128.75175,0.0,0.0,148.95276,-2.9806078e-13,-2.398138e-13,124.48299,0.0,0.0,167.12842
0.0,0.0,126.72927,0.0,0.0,155.185,-1.7156583e-12,1.1596366e-12,117.507645,0.0,0.0,140.11711
0.0,0.0,121.55081,0.0,0.0,154.01471,-1.3894778e-12,1.0709631e-12,134.06093,0.0,0.0,136.76802
0.0,0.0,121.968414,0.0,0.0,142.04272,8.5119027e-13,4.987909e-13,129.392,0.0,0.0,124.226006
0.0,0.0,118.89022,0.0,0.0,135.91086,3.0522854e-12,8.700445e-13,125.67041,0.0,0.0,122.269135
0.0,0.0,120.11122,0.0,0.0,147.74374,1.4867025e-12,8.183564e-13,124.20052,0.0,0.0,127.84318
0.0,0.0,123.65112,0.0,0.0,152.17973,0.0,0.0,131.82227,0.0,0.0,152.11087
0.0,0.0,115.703964,0.0,0.0,154.339,1.1760369e-12,1.1462613e-12,127.79289,0.0,0.0,121.41661
0.0,0.0,126.812126,0.0,0.0,159.371,2.347095e-12,2.059889e-12,118.41324,0.0,0.0,171.59119
0.0,0.0,128.16049,0.0,0.0,146.10338,1.3155616e-13,1.2624019e-12,120.63866,0.0,0.0,142.9405
0.0,0.0,84.1412,-8.9862605e-12,-0.00017205224,206.26813,0.0,0.0,76.83999,0.0,0.0,226.84396
0.0,0.0,121.88959,0.0,0.0,158.9195,-1.3807137e-12,-2.5947753e-13,126.245,0.0,0.0,149.68657
0.0,0.0,127.34924,0.0,0.0,153.12943,0.01699351,-0.016993573,116.91601,0.0,0.0,164.85855
0.0,0.0,83.84457,-9.0854095e-12,-0.00012842362,205.28311,0.0,0.0,81.68057,0.0,0.0,221.06467
0.0,0.0,127.67013,0.0,0.0,167.77635,2.7167879e-14,2.6213558e-13,127.22622,0.0,0.0,166.41776
0.0,0.0,124.05235,0.0,0.0,171.11319,-2.269325e-12,2.4975418e-13,126.09948,0.0,0.0,161.79422
0.0,0.0,131.5632,0.0,0.0,148.58957,-9.662476e-13,2.295292e-12,119.56287,0.0,0.0,162.05011
0.0,0.0,117.85344,0.0,0.0,155.80714,-7.886871e-13,8.5148224e-13,121.85349,0.0,0.0,136.33978
0.0,0.0,118.70414,-0.00012780254,0.0010325083,168.70859,6.1383173e-12,0.006004242,127.61285,-0.00011448034,0.0009158442,156.48299
0.0,0.0,120.819664,0.0,0.0,175.41687,0.010851313,-0.010851353,123.39481,0.0,0.0,177.41122
0.0,0.0,124.77333,0.0,0.0,157.24055,-2.3367098e-12,8.275221e-13,123.34199,0.0,0.0,158.32396
0.0,0.0,121.662704,0.0,0.0,150.80702,-1.9143717e-12,-4.5062556e-12,128.57164,0.0,0.0,124.50537
0.0,0.0,130.45709,0.0,0.0,162.46259,-1.6269905e-12,1.1668445e-12,117.60192,0.0,0.0,173.49042
0.0,0.0,123.061,0.0,0.0,175.54517,-2.5185665e-12,1.9037815e-13,121.98823,0.0,0.0,178.70517
0.0,0.0,86.309044,-4.4972772e-11,4.8259713e-05,202.49509,0.0,0.0,74.025085,0.0,0.0,218.63177
0.0,0.0,121.13719,0.0,0.0,160.719,-2.2422374e-12,1.693474e-12,130.63565,0.0,0.0,139.34778
0.0,0.0,122.88054,0.0,0.0,173.84079,-1.5802382e-12,2.5212076e-12,122.31128,0.0,0.0,165.04211
0.0,0.0,128.17293,0.0,0.0,166.84827,-3.640558e-12,-5.1813337e-12,124.71417,0.0,0.0,172.00822
0.0,0.0,82.21096,-3.0106303e-11,0.00012927217,197.24153,0.0,0.0,93.038055,0.0,0.0,200.93178
0.0,0.0,128.79001,0.0,0.0,157.42648,-1.4238164e-12,4.2195173e-13,119.617065,0.0,0.0,164.31317
0.0,0.0,84.85393,-3.717227e-14,0.00019110617,203.64708,0.0,0.0,78.543564,0.0,0.0,214.90477
0.0,0.0,126.04987,0.0,0.0,160.8259,-1.378677e-12,1.2265829e-12,117.70598,0.0,0.0,151.18646
0.0,0.0,130.28174,0.0,0.0,155.24245,-4.1374987e-11,-1.5853694e-12,116.71783,0.0,0.0,166.10039
0.0,0.0,126.55529,0.0,0.0,156.3659,-4.799736e-12,3.4992777e-12,127.20958,0.0,0.0,158.41429
0.0,0.0,118.28849,0.0,0.0,151.2331,2.0004974e-12,2.2358556e-12,125.0508,0.0,0.0,128.11617
0.0,0.0,122.41988,0.0,0.0,174.70625,-1.176984e-12,2.5510904e-12,124.06947,0.0,0.0,179.26196
0.0,0.0,126.82509,0.0,0.0,160.32883,-1.7574219e-12,6.041242e-13,126.90596,0.0,0.0,156.42296
0.0,0.0,124.52985,0.0,0.0,138.16176,-4.0692452e-13,9.515701e-13,118.423004,0.0,0.0,129.4501
0.0,0.0,126.47933,0.0,0.0,149.59251,-1.1829724e-12,1.3534875e-12,129.48657,0.0,0.0,134.7836
0.0,0.0,124.09181,0.0,0.0,167.96191,-5.306991e-13,2.8209397e-12,126.33411,0.0,0.0,160.78342
-5.4465613e-06,4.357232e-05,83.61076,0.0,0.0,199.5562,0.0,0.0104106795,88.48894,0.0,0.0,214.87556
0.0,0.0,124.23337,0.0,0.0,164.98859,-1.0281552e-12,4.8396617e-13,117.23305,0.0,0.0,149.30055
0.0,0.0,79.332085,0.0,0.0,205.3565,0.0,0.0,89.25507,0.0,0.0,209.4358
0.0,0.0,117.8117,0.0,0.0,163.4282,-4.2484753e-12,4.041328e-12,136.95155,0.0,0.0,144.4671
0.0,0.0,76.38446,0.0,0.0,206.33264,0.0,0.0,93.325424,0.0,0.0,206.89774
0.0,0.0,74.77304,0.0,0.0,210.52946,0.0,0.0,94.91167,0.0,0.0,208.15186
0.0,0.0,121.958534,0.0,0.0,169.89413,-4.400557e-12,3.5160997e-12,127.726555,0.0,0.0,167.2919
0.0,0.0,119.45042,0.0,0.0,139.29147,-1.044658e-12,1.8596379e-12,124.74258,0.0,0.0,120.80532
0.0,0.0,123.799774,0.0,0.0,149.42407,-3.1172534e-12,-5.650974e-13,130.77441,0.0,0.0,145.52058
0.0,0.0,125.94498,0.0,0.0,173.09738,-1.2852241e-12,9.4754215e-14,126.26217,0.0,0.0,169.86346
0.0,0.0,124.301895,0.0,0.0,161.539,-6.343864e-13,4.6069913e-13,120.29568,0.0,0.0,145.93079
0.0,0.0,129.66713,0.0,0.0,161.31076,-3.5015348e-12,1.2579931e-12,121.39717,0.0,0.0,162.45499
0.0,0.0,115.36515,0.0,0.0,176.04807,-4.7770243e-12,-3.2749882e-13,134.45636,0.0,0.0,148.98755
0.0,0.0,119.34792,8.798345e-06,-7.038913e-05,138.62943,-3.294316e-12,-1.4162952e-12,131.96182,0.0,0.0,119.64783
0.0,0.0,126.17469,0.0,0.0,155.75038,-2.07923e-12,-2.9279788e-13,133.62868,0.0,0.0,147.26118
0.0,0.0,118.871506,0.0,0.0,163.01837,-4.9622676e-12,1.000044e-12,125.36164,0.0,0.0,144.79855
0.0,0.0,128.11484,0.0,0.0,169.47714,-1.1563817e-12,1.114361e-12,128.60693,0.0,0.0,166.58827
0.0,0.0,126.37374,0.0,0.0,150.19128,-2.3215499e-12,1.1815787e-12,119.07214,0.0,0.0,141.38689
0.0,0.0,120.10997,0.0,0.0,156.25952,-3.0274507e-12,2.6808146e-12,126.35141,0.0,0.0,151.89668
0.0,0.0,127.045135,-0.0003540042,0.0028320327,136.38965,0.0,0.0,132.93353,-3.2371685e-05,0.00025897348,136.48903
0.0,0.0,127.617004,0.0,0.0,171.78912,-1.8165622e-12,1.0598838e-12,127.661736,0.0,0.0,170.46527
0.0,0.0,79.47906,0.0,0.0,206.892,0.0,0.0,83.005714,0.0,0.0,209.7377
0.0,0.0,122.55952,0.0,0.0,156.74086,-7.785489e-12,6.625425e-12,125.18767,0.0,0.0,147.2185
0.0,0.0,119.07057,0.0,0.0,157.02295,-1.26750615e-11,2.1997675e-11,127.92541,0.0,0.0,167.33954
0.0,0.0,81.76155,0.0,0.0,200.34955,0.0,0.0,88.86813,0.0,0.0,211.87698
0.0,0.0,80.630646,0.0,0.0,204.57977,0.0058541987,-0.005854221,97.661446,0.0,0.0,203.32411
0.0,0.0,79.21309,0.0,0.0,205.70706,0.0,0.0,91.27133,0.0,0.0,207.76804
-2.5792517e-05,0.00020634012,82.13691,-2.320242e-06,1.8561677e-05,198.43947,0.007919872,-0.007919901,99.512314,0.0,0.0,194.39445
0.0,0.0,119.50455,0.0,0.0,157.97728,-3.106135e-12,7.878189e-12,131.33218,0.0,0.0,148.5004
0.0,0.0,129.74309,0.0,0.0,158.17247,-4.2696508e-13,1.7508096e-12,125.72879,0.0,0.0,158.88348
0.0,0.0,128.85898,0.0,0.0,157.34688,-1.3960081e-13,-1.2574319e-12,128.59842,0.0,0.0,156.57889
0.0,0.0,117.647316,0.0,0.0,150.50739,-6.5975945e-14,5.6259505e-14,127.03663,0.0,0.0,122.98908
0.0,0.0,126.30748,0.0,0.0,174.93115,-1.1252635e-12,1.8806835e-12,127.19926,0.0,0.0,182.45831
0.0,0.0,76.96814,0.0,0.0,211.61456,0.0,0.0,83.55437,0.0,0.0,210.86566
0.0,0.0,80.006424,0.0,0.0,214.24712,0.0,0.0025680983,87.635376,0.0,0.0,218.13408
0.0,0.0,116.21063,0.0,0.0,154.4863,-2.0640913e-12,3.6192557e-12,122.3286,3.3999775e-05,-0.00027199826,139.41817
0.0,0.0,120.95445,0.0,0.0,154.45076,-1.7539621e-12,3.808871e-12,136.82143,0.0,0.0,133.25433
-9.023608e-06,7.218889e-05,80.631744,3.8033813e-05,-0.00030427062,205.13736,0.0086542,-0.008654232,98.771866,0.0,0.0,198.14127
0.0,0.0,128.82977,0.0,0.0,164.09354,-1.6979549e-12,1.9481832e-12,121.97777,0.0,0.0,168.0438
0.0,0.0,120.73409,0.0,0.0,172.09125,-9.836677e-13,-3.264798e-13,123.02227,0.0,0.0,162.42816
0.0,0.0,128.31912,0.0,0.0,157.46864,-3.1707618e-12,1.0274071e-12,123.728035,0.0,0.0,154.7779
0.0,0.0,79.93045,0.0,0.0,209.70502,0.0,0.0,84.63777,0.0,0.0,216.62445
0.0,0.0,123.08444,0.0,0.0,175.62675,-3.5545065e-12,1.0921321e-13,126.41732,0.0,0.0,161.43988
0.0,0.0,124.86176,0.0,0.0,174.91393,1.0231298e-12,-9.0486294e-14,124.65898,0.0,0.0,183.28125
0.0,0.0,128.12057,0.0,0.0,157.70934,-6.2092844e-13,1.620243e-12,115.23994,0.0,0.0,145.12245
0.0,0.0,78.87891,0.0,0.0,204.59685,0.0,0.0,90.45099,0.0,0.0,209.22652
0.0,0.0,128.26915,0.0,0.0,152.40279,0.0,-0.052009128,116.638985,0.0,0.0,170.11873
0.0,0.0,117.12453,0.0,0.0,148.16905,-2.4874794e-12,4.985736e-13,126.03939,0.0,0.0,123.20062
0.0,0.0,128.7407,0.0,0.0,150.0214,-2.0117053e-12,1.6836927e-12,125.576324,0.0,0.0,152.12701
0.0,0.0,127.02597,0.0,0.0,168.08545,-2.7706073e-12,2.200746e-12,125.5416,0.0,0.0,156.13725
0.0,0.0,82.929886,0.0,0.0,197.03433,-8.0573895e-11,-1.122812e-10,74.7648,0.0,0.0,208.8225
0.0,0.0,125.21286,0.0,0.0,143.01985,-2.5073739e-12,-1.9192723e-13,123.56656,0.0,0.0,132.4372
0.0,0.0,120.46408,0.0,0.0,170.48773,-2.1177123e-12,2.2154713e-12,125.36381,0.0,0.0,159.4152
0.0,0.0,126.8716,0.0,0.0,168.20605,-1.0362467e-12,1.8054972e-12,120.44508,0.0,0.0,166.47183
0.0,0.0,117.593765,0.0,0.0,168.96269,-1.3084359e-12,2.7158332e-12,120.95264,0.0,0.0,156.79254
0.0,0.0,118.24806,0.0,0.0,175.0293,4.075662e-13,3.0014038e-12,124.48005,0.0,0.0,171.63667
0.0,0.0,80.701645,0.0,0.0,203.45482,0.0,0.0,86.506035,0.0,0.0,210.25902
0.0,0.0,125.120575,0.0,0.0,160.226,-1.1810252e-12,1.9227961e-12,123.89466,0.0,0.0,161.61623
0.0,0.0,127.08518,0.0,0.0,154.38318,-7.3251783e-13,1.4366829e-11,124.492615,0.0,0.0,159.8796
0.0,0.0,123.08327,0.0,0.0,157.81444,-7.218703e-12,1.0246682e-12,123.262054,0.0,0.0,154.80675
0.0,0.0,129.44922,0.0,0.0,168.30148,5.567655e-12,3.815596e-12,136.01593,0.0,0.0,164.94571
0.0,0.0,128.84436,0.0,0.0,150.56879,-2.2575449e-13,2.289514e-12,123.62641,0.0,0.0,135.88194
0.0,0.0,117.64381,0.0,0.0,153.79514,-6.598827e-12,5.709628e-12,131.96371,0.0,0.0,135.95349
0.0,0.0,122.2966,0.0,0.0,162.02943,-8.762521e-12,9.325842e-12,130.44937,0.0,0.0,144.49744
0.0,0.0,129.60661,0.0,0.0,166.96735,-4.8758875e-12,3.711084e-12,127.315094,0.0,0.0,172.10345
0.0,0.0,72.62503,0.0,0.0,213.94357,0.0,-0.0019325756,90.40776,0.0,0.0,206.21622
0.0,0.0,122.15446,0.0,0.0,160.2359,-2.4968203e-11,2.6863275e-11,125.36292,0.0,0.0,157.20415
0.0,0.0,128.15703,0.0,0.0,147.19211,-5.3413385e-12,3.8738544e-12,133.73491,0.0,0.0,143.95312
0.0,0.0,115.41535,0.0,0.0,165.17844,-1.6666447e-12,-4.7006767e-13,124.10279,0.0,0.0,146.0098
0.0,0.0,118.2539,0.0,0.0,153.9349,-2.3080683e-13,2.9417632e-12,130.43185,0.0,0.0,145.47527
0.0,0.0,114.19266,0.0,0.0,156.59868,4.8100716e-13,2.0327362e-12,132.9975,0.0,0.0,140.4994
0.0,0.0,115.649536,0.0,0.0,158.50267,-4.645626e-12,3.0542435e-12,130.13423,0.0,0.0,143.97952
0.0,0.0,131.0488,0.0,0.0,158.527,-3.7034218e-13,1.4332497e-12,119.40282,0.0,0.0,167.7962
0.0,0.0,125.34999,0.0,0.0,156.63852,-1.9786412e-12,5.306312e-13,127.071686,0.0,0.0,157.35857
0.0,0.0,113.93658,0.0,0.0,163.64052,3.143595e-13,2.257841e-12,129.33247,0.0,0.0,140.9338
0.0,0.0,122.66298,0.0,0.0,156.02364,-6.7450516e-12,3.7414267e-13,123.96246,0.0,0.0,155.29433
0.0,0.0,114.0488,0.0,0.0,162.01317,-3.33389e-12,6.0367904e-12,130.84013,0.0,0.0,135.12186
0.0,0.0,130.07951,0.0,0.0,178.1684,-3.4833126e-12,1.1986175e-12,118.68182,0.0,0.0,180.67548
6.7152474e-13,0.00026293655,121.342636,0.0,0.0,141.24283,3.714348e-12,0.01129249,120.63935,0.0,0.0,147.23682
0.0,0.0,119.125336,0.0,0.0,143.41418,-8.5690623e-13,5.9908057e-13,133.28839,0.0,0.0,128.2626
0.0,0.0,131.13777,0.0,0.0,164.67384,-2.251176e-12,1.7700712e-12,121.97857,0.0,0.0,170.30159
0.0,0.0,80.74009,0.0,0.0,204.02773,0.0,0.0,84.26025,0.0,0.0,208.92908
0.0,0.0,121.208046,0.0,0.0,171.77611,8.0673044e-13,5.496104e-13,126.3168,0.0,0.0,165.31766
0.0,0.0,127.96856,0.0,0.0,162.41289,-7.809879e-13,9.389384e-13,120.78058,0.0,0.0,184.06052
0.0,0.0,130.14525,0.0,0.0,160.79146,-1.926902e-12,-5.990843e-14,123.37915,0.0,0.0,159.6355
0.0,0.0,121.13089,0.0,0.0,166.04688,-1.1625022e-12,8.6034077e-13,125.745705,0.0,0.0,153.3205
0.0,0.0,122.25354,0.0,0.0,160.47249,-5.060692e-12,1.4733098e-12,124.02718,0.0,0.0,156.28745
0.0,0.0,132.67404,0.0,0.0,161.67603,-1.9741418e-12,1.87277e-12,126.0858,0.0,0.0,167.40204
0.0,0.0,121.949585,0.0,0.0,161.25888,-1.5642455e-12,1.6051769e-12,121.50895,0.0,0.0,155.72057
0.0,0.0,128.63197,0.0,0.0,179.38696,-1.9325382e-13,2.8204007e-13,127.056885,0.0,0.0,177.5148
0.0,0.0,122.27149,0.0,0.0,175.71472,-1.2906712e-12,1.8560591e-12,125.922195,0.0,0.0,152.89299
0.0,0.0,84.90302,0.0,0.0,201.81842,0.0,0.0,75.58429,0.0,0.0,217.3506
-8.694112e-12,0.0005604873,111.7437,9.9814615e-11,0.00051068165,159.75723,0.0033523384,-0.0033523506,115.75441,0.0,0.0,155.01732
0.0,0.0,82.37396,0.0,0.0,202.4244,0.0,0.0,83.36359,0.0,0.0,211.08788
0.0,0.0,80.52017,0.0,0.0,205.61389,0.0,0.0,77.38471,0.0,0.0,210.47565
0.0,0.0,113.58763,0.0,0.0,147.91512,-5.609119e-13,1.79137e-12,131.32208,0.0,0.0,110.42813
0.0,0.0,82.35505,0.0,0.0,203.32474,0.0,0.0,76.300995,0.0,0.0,218.24883
0.0,0.0,125.75011,0.0,0.0,163.99605,-4.24332e-12,2.5847239e-12,126.28848,0.0,0.0,159.90488
0.0,0.0,124.01457,0.0,0.0,172.0812,-1.842508e-12,1.265438e-12,127.49193,0.0,0.0,157.54976
0.0,0.0,132.06076,0.0,0.0,162.92316,-1.112596e-12,9.697237e-13,124.24926,0.0,0.0,164.15855
0.0,0.0,79.44745,0.0,0.0,204.32838,0.0,0.0,81.696815,0.0,0.0,213.83864
0.0,0.0,127.25216,0.0,0.0,135.58789,-1.2308683e-12,2.7149407e-12,121.82122,0.0,0.0,130.40994
0.0,0.0,129.6217,0.0,0.0,175.44492,1.1463844e-13,-1.0297242e-12,120.13872,0.0,0.0,182.53055
0.0,0.0,126.7285,0.0,0.0,160.81483,-9.726055e-13,1.2206674e-12,127.900406,0.0,0.0,159.26788
0.0,0.0,130.47667,0.0,0.0,156.65793,-1.2064048e-12,3.6364804e-12,128.64699,0.0,0.0,154.37395
0.0,0.0,126.15494,0.0,0.0,151.77951,-1.8054577e-12,9.863755e-13,130.26721,0.0,0.0,148.52567
3.202902e-11,0.0001932756,117.48,0.0,0.0,156.74637,0.008054246,-0.008054276,136.03914,-7.0032045e-05,0.00056025636,137.45023
0.0,0.0,127.72155,0.0,0.0,170.30153,-7.0865807e-13,1.9217698e-12,126.88348,0.0,0.0,173.97163
0.0,0.0,122.49439,0.0,0.0,164.88428,0.032860108,-0.03286023,121.92038,0.0,0.0,163.05138
0.0,0.0,130.55495,0.0,0.0,153.48425,0.045483857,-0.045484025,114.3449,0.0,0.0,166.69409
1.3543941e-10,-0.00031346816,116.02139,0.0,0.0,169.29224,0.012914422,-0.012914471,130.79134,0.0,0.0,143.24718
0.0,0.0,119.548645,0.0,0.0,173.15793,-9.82833e-13,2.9479858e-12,124.953064,0.0,0.0,163.25853
0.0,0.0,130.48018,0.0,0.0,159.66753,1.936703e-12,2.4360362e-12,122.26973,0.0,0.0,164.78183
0.0,0.0,83.22388,0.0,0.0,204.22284,0.0,0.0,74.72367,0.0,0.0,217.86467
0.0,0.0,120.40257,0.0,0.0,164.33344,-5.223025e-13,1.3610484e-12,124.09679,0.0,0.0,156.37357
0.0,0.0,129.09483,0.0,0.0,166.7864,-1.0509281e-13,2.7264955e-12,126.23288,0.0,0.0,174.86383
0.0,0.0,125.981445,0.0,0.0,138.2376,-3.0665246e-14,1.8241229e-12,123.03604,0.0,0.0,129.0444
0.0,0.0,131.18962,0.0,0.0,162.46956,-1.9008274e-12,1.3163795e-12,122.02878,0.0,0.0,168.20174
0.0,0.0,112.15976,0.0,0.0,175.06607,-1.2034071e-12,1.4644829e-12,131.05579,0.0,0.0,157.70467
0.0,0.0,73.52714,0.0,0.0,212.54411,0.0,0.0,89.16524,0.0,0.0,204.36598
0.0,0.0,107.646416,0.0,0.0,177.68068,0.08417516,-0.08417547,136.36359,0.0,0.0,147.83395
0.0,0.0,129.08235,0.0,0.0,156.18365,-8.02948e-13,2.2364883e-12,128.66685,0.0,0.0,153.8266
0.0,0.0,115.77216,0.0,0.0,153.18,0.08152443,-0.08152473,129.95436,0.0,0.0,136.71323
0.0,0.0,124.96307,0.0,0.0,170.47234,8.199497e-13,-1.1356252e-13,127.92144,0.0,0.0,174.35257
0.0,0.0,113.724014,0.0,0.0,172.50577,-2.5671078e-12,-4.735939e-12,132.89929,0.0,0.0,150.3233
0.0,0.0,128.6634,0.0,0.0,163.85104,-4.1331966e-13,1.5770534e-12,126.000015,0.0,0.0,164.37294
0.0,0.0,75.81061,0.0,0.0,204.86671,0.0,0.0,88.029945,0.0,0.0,195.49683
0.0,0.0,127.33024,0.0,0.0,163.29764,-2.6795408e-12,4.1932642e-12,124.216,0.0,0.0,162.29587
0.0,0.0,80.74774,0.0,0.0,198.29443,-5.543557e-12,6.754327e-11,90.89508,0.0,0.0,182.8078
0.0,0.0,124.12415,0.0,0.0,169.31334,0.09910463,-0.086598024,125.63178,0.0,0.0,165.6067
0.0,0.0,71.10175,0.0,0.0,214.87756,-0.002996755,0.0029967665,89.214005,-3.0170332e-12,-0.000323047,197.97269
0.0,0.0,121.22418,0.0,0.0,150.7878,-2.4584217e-12,-4.6928156e-12,131.67654,0.0,0.0,144.19302
0.0,0.0,106.74301,0.0,0.0,163.16196,0.056325477,-0.04156328,132.67496,0.0,0.0,134.86322
0.0,0.0,124.420815,0.0,0.0,155.92207,-3.320795e-12,6.59033e-12,121.425964,0.0,0.0,156.29344
0.0,0.0,116.16669,0.0,0.0,158.002,0.045381337,-0.03092001,124.02818,0.0,0.0,136.34085
0.0,0.0,112.16141,0.0,0.0,172.67007,-4.1817136e-12,-4.997619e-12,134.93623,0.0,0.0,150.58075
0.0,0.0,116.46571,0.0,0.0,162.91902,0.065313436,-0.050668042,127.26264,0.0,0.0,141.77347
0.0,0.0,124.97639,0.0,0.0,160.74954,-1.5633674e-13,-6.274346e-13,126.14173,0.0,0.0,168.77937
0.0,0.0,121.82553,0.0,0.0,156.18452,-1.1960794e-12,1.8181045e-12,132.33733,0.0,0.0,141.98549
0.0,0.0,129.77591,0.0,0.0,167.8696,7.5676336e-14,-1.6315254e-12,121.49599,0.0,0.0,177.6671
0.0,0.0,75.41079,0.0,0.0,208.21837,0.0,0.0,89.49767,0.0,0.0,203.31433
0.0,0.0,123.97536,0.0,0.0,145.90865,-6.6526163e-13,-3.4137664e-12,133.9235,0.0,0.0,143.48274
0.0,0.0,124.17618,0.0,0.0,141.18404,-1.3681136e-12,-3.885026e-12,127.20665,0.0,0.0,129.18068
0.0,0.0,130.09457,0.0,0.0,156.52762,-3.5524887e-13,-9.664961e-13,128.95125,0.0,0.0,162.39224
0.0,0.0,127.56105,0.0,0.0,156.19962,-7.105221e-13,-1.4276633e-12,132.16133,0.0,0.0,151.43307
0.0,0.0,114.830086,0.0,0.0,153.16429,-6.4459375e-13,2.2115601e-12,133.46283,0.0,0.0,114.10637
0.0,0.0,78.733696,0.0,0.0,203.32178,0.0,0.0,81.35889,0.0,0.0,203.00027
0.0,0.0,121.59489,0.0,0.0,139.1838,-1.7676618e-12,2.1468025e-12,131.51617,0.0,0.0,120.110016
0.0,0.0,127.67058,0.0,0.0,161.06369,-7.696194e-13,6.709247e-13,125.410904,0.0,0.0,162.29605
0.0,0.0,126.02589,0.0,0.0,154.06421,-7.752751e-14,1.9958227e-13,124.65767,0.0,0.0,135.76392
0.0,0.0,123.96526,0.0,0.0,139.4414,3.43628e-12,2.161237e-12,123.58936,0.0,0.0,133.04477
0.0,0.0,124.447495,0.0,0.0,165.00642,-1.4442489e-12,4.8939336e-13,123.120415,0.0,0.0,150.51251
0.0,0.0,126.260864,0.0,0.0,169.53656,-6.596242e-13,-5.1553093e-12,123.178474,0.0,0.0,170.41727
0.0,0.0,116.68091,0.0,0.0,178.95206,1.7080223e-12,6.1050535e-12,131.91269,0.0,0.0,160.6311
0.0,0.0,117.05505,0.0,0.0,157.16911,0.09812206,-0.070546255,129.0494,0.0,0.0,151.09789
0.0,0.0,75.8948,0.0,0.0,206.97252,0.0,0.0,87.29497,0.0,0.0,201.03853
0.0,0.0,77.13499,0.0,0.0,211.06122,0.0,0.0,82.06619,0.0,0.0,208.89685
0.0,0.0,123.23543,0.0,0.0,141.9416,-1.2315881e-12,-4.7531354e-12,125.46352,0.0,0.0,145.85762
0.0,0.0,120.4077,0.0,0.0,161.18869,-2.2789993e-12,6.9406095e-12,128.43713,0.0,0.0,149.2272
0.0,0.0,111.36836,0.0,0.0,175.01051,-8.3226346e-13,-1.3862076e-13,137.49413,0.0,0.0,138.78766
0.0,0.0,115.39522,0.0,0.0,175.11282,0.068088256,-0.03772198,122.99553,0.0,0.0,169.76718
0.0,0.0,121.47023,0.0,0.0,163.33347,-4.932699e-13,3.3555513e-12,126.80772,0.0,0.0,154.1622
0.0,0.0,122.025986,0.0,0.0,148.19254,0.09641045,-0.06675056,120.81748,0.0,0.0,130.66237
0.0,0.0,129.08414,0.0,0.0,162.16444,-6.2656255e-13,4.825513e-13,125.657585,0.0,0.0,170.52515
0.0,0.0,120.2766,0.0,0.0,160.82915,-4.869655e-13,-1.5166006e-12,126.543045,0.0,0.0,145.49802
0.0,0.0,83.97144,0.0,0.0,198.30376,0.0,0.0,82.983284,0.0,0.0,208.99008
0.0,0.0,124.904625,0.0,0.0,157.35297,-2.5991514e-13,6.238102e-14,125.357574,0.0,0.0,137.09698
0.0,0.0,120.8393,0.0,0.0,168.79779,-2.1247218e-13,-8.4336677e-13,126.39604,0.0,0.0,158.30214
0.0,0.0,129.22298,0.0,0.0,160.66206,-1.1861115e-12,-1.3565999e-12,127.450066,0.0,0.0,167.45924
0.0,0.0,116.86464,0.0,0.0,173.92174,-3.4770846e-13,4.323242e-13,133.52255,0.0,0.0,151.494
0.0,0.0,123.85369,0.0,0.0,172.25156,-9.54018e-13,2.90111e-12,124.73073,0.0,0.0,170.2254
0.0,0.0,115.81976,0.0,0.0,150.88866,2.3443094e-12,8.073049e-12,135.38257,0.0,0.0,114.45598
4.475342e-11,0.0006613866,128.11226,7.781698e-11,0.0007071582,148.11035,-8.6414675e-13,-0.00776786,132.90288,0.0,0.0,135.88078
3.885308e-11,2.9678179e-06,110.9528,-4.3449553e-11,-6.705005e-05,179.05188,-6.216463e-12,6.4589354e-12,135.24875,0.0,0.0,150.18385
0.0,0.0,124.87399,0.0,0.0,164.91269,-1.9669977e-13,2.4633375e-12,126.08513,0.0,0.0,153.30638
0.0,0.0,122.18872,0.0,0.0,149.60136,-1.04687865e-13,-3.4161075e-13,130.61649,0.0,0.0,137.27156
0.0,0.0,118.69896,0.0,0.0,166.24596,3.333564e-13,-1.7896497e-12,133.83772,0.0,0.0,149.89821
0.0,0.0,83.364395,0.0,0.0,197.08005,-0.0010486578,0.0010486618,112.18888,0.0,0.0005638227,172.78378
0.0,0.0,79.35724,0.0,0.0,206.46606,0.0,0.0,80.912506,0.0,0.0,214.706
0.0,0.0,74.28905,0.0,0.0,217.432,0.0,0.0,86.4583,0.0,0.0,213.87772
0.0,0.0,126.305954,0.0,0.0,158.1177,8.114107e-15,2.6919623e-12,129.41025,0.0,0.0,161.47452
0.0,0.0,78.54233,0.0,0.0,206.73459,-2.4246228e-12,0.012738906,86.72818,-4.8974067e-12,0.00053421396,186.64896
0.0,0.0,114.86573,0.0,0.0,152.82831,-9.20714e-13,1.2536233e-12,132.7725,0.0,0.0,128.32797
0.0,0.0,114.04873,0.0,0.0,158.72398,-4.162208e-12,2.9896873e-12,140.676,0.0,0.0,128.71982
-2.0721801e-11,-0.00022689594,104.07935,0.0,0.0,186.63673,-2.4020295e-12,6.5482103e-12,125.99515,0.0,0.0,154.3475
0.0,0.0,122.24244,0.0,0.0,155.36496,-3.5332997e-12,7.327397e-12,126.30026,0.0,0.0,146.93431
0.0,0.0,116.418365,0.0,0.0,166.89667,-3.065074e-12,4.79399e-12,131.78508,0.0,0.0,144.22827
0.0,0.0,115.06562,0.0,0.0,155.0972,-3.967888e-12,1.2216565e-11,133.23135,0.0,0.0,131.96442
0.0,0.0,124.32332,0.0,0.0,150.34198,-2.9297433e-12,3.043127e-12,125.12605,0.0,0.0,146.20792
-3.6341315e-11,0.00045409653,105.44376,1.1439442e-11,0.0007603726,182.22751,-6.334081e-12,1.1728175e-11,126.30492,0.0,0.0,166.59636
0.0,0.0,76.53188,0.0,0.0,214.64578,0.0,0.0,79.66282,0.0,0.0,212.99196
0.0,0.0,127.40056,0.0,0.0,156.86415,-8.387752e-13,4.072532e-12,126.75798,0.0,0.0,161.3842
0.0,0.0,122.71559,0.0,0.0,144.06622,-7.764672e-13,-8.811576e-14,118.98065,0.0,0.0,129.87886
0.0,0.0,121.85982,0.0,0.0,150.86832,-1.4853411e-12,7.109016e-12,136.9584,0.0,0.0,143.60207
0.0,0.0,129.47746,0.0,0.0,157.06412,-3.2684017e-13,2.6883498e-12,123.942024,0.0,0.0,154.6361
0.0,0.0,113.62303,0.0,0.0,167.87163,-2.1963902e-12,4.13006e-12,130.88583,0.0,0.0,145.53558
0.0,0.0,82.1988,0.0,0.0,200.16891,0.0,0.0,79.5761,0.0,0.0,206.82611
0.0,0.0,114.19463,0.0,0.0,167.90839,-9.579043e-13,-3.0879836e-12,134.494,0.0,0.0,142.44708
0.0,0.0,125.755295,0.0,0.0,154.40381,-5.643006e-13,-1.0346625e-12,125.824265,0.0,0.0,153.53662
0.0,0.0,119.805786,0.0,0.0,174.67502,-5.100867e-13,2.189194e-12,130.15775,0.0,0.0,157.08986
0.0,0.0,128.8283,0.0,0.0,167.29251,-9.759387e-13,-2.9426199e-12,126.201355,0.0,0.0,170.16748
0.0,0.0,129.49388,0.0,0.0,161.32053,-1.3693132e-12,-5.647442e-12,129.08829,0.0,0.0,169.61653
0.0,0.0,124.32918,0.0,0.0,148.87694,-3.4145077e-13,6.404608e-13,125.12915,0.0,0.0,145.42874
0.0,0.0,79.538734,0.0,0.0,206.55444,0.0,0.0,82.5679,0.0,0.0,207.77788
0.0,0.0,113.733246,0.0,0.0,183.16742,8.2086475e-13,5.36232e-13,133.8376,0.0,0.0,155.70895
0.0,0.0,79.12034,0.0,0.0,204.66507,0.0,0.0,84.9633,0.0,0.0,202.78522
0.0,0.0,127.100716,0.0,0.0,157.84361,5.76446e-14,1.5218417e-12,128.91089,0.0,0.0,152.79773
0.0,0.0,85.84898,0.0,0.0,199.86285,0.015877767,0.0055132294,71.27308,-3.0896643e-11,0.00019310944,212.34253
0.0,0.0,115.31581,0.0,0.0,151.22641,-3.3466216e-12,1.761587e-11,131.74452,0.0,0.0,112.738434
0.0,0.0,82.86612,0.0,0.0,195.27075,0.020679299,0.004571084,89.59305,-1.7223062e-11,-0.0003489995,187.73851
0.0,0.0,120.42739,0.0,0.0,152.6529,-8.0374867e-13,2.2988688e-12,124.54959,0.0,0.0,154.67242
0.0,0.0,130.9419,0.0,0.0,165.50583,-5.1137573e-15,2.592973e-13,124.651855,0.0,0.0,170.36215
0.0,0.0,120.127716,0.0,0.0,168.47342,-1.9472932e-13,6.802163e-13,126.02281,0.0,0.0,156.07735
0.0,0.0,81.047104,0.0,0.0,203.96666,0.0,0.0,84.71381,0.0,0.0,210.20746
0.0,0.0,126.150635,0.0,0.0,170.70244,-3.4711941e-13,-2.1321501e-12,130.86732,0.0,0.0,168.23438
0.0,0.0,84.38403,0.0,0.0,197.85728,0.0,0.0,75.68798,0.0,0.0,207.41257
0.0,0.0,82.79133,0.0,0.0,196.32796,0.0,0.0,83.12485,0.0,0.0,200.80766
0.0,0.0,116.01996,0.0,0.0,143.79701,-5.341832e-13,-2.51647e-12,131.30281,0.0,0.0,116.05234
0.0,0.0,80.93769,0.0,0.0,202.15791,0.0,0.0,82.870476,0.0,0.0,203.80359
0.0,0.0,81.09028,0.0,0.0,207.33865,0.0,0.0,78.93294,0.0,0.0,213.09433
0.0,0.0,122.4536,0.0,0.0,171.56909,-8.866874e-13,3.2898116e-12,122.554825,0.0,0.0,163.77011
0.0,0.0,117.69795,0.0,0.0,154.13937,0.04564926,-0.04564943,129.98567,0.0,0.0,146.90019
0.0,0.0,80.49473,0.0,0.0,205.95462,0.0,0.0,79.89181,0.0,0.0,213.265
0.0,0.0,123.33139,0.0,0.0,168.71112,1.30800395e-14,-0.057734862,119.10463,0.0,0.0,168.8333
0.0,0.0,111.87457,0.0,0.0,156.19092,0.031616505,-0.031616624,130.95699,0.0,0.0,128.61359
0.0,0.0,128.54352,0.0,0.0,164.58559,-4.588652e-13,-2.13088e-12,123.69991,0.0,0.0,169.89728
0.0,0.0,113.275215,0.0,0.0,180.93335,4.6360546e-14,-2.0468364e-12,138.12537,0.0,0.0,143.48499
0.0,0.0,112.98561,0.0,0.0,150.56758,-2.6034754e-13,-4.2011454e-15,129.49232,0.0,0.0,113.676414
0.0,0.0,121.11244,0.0,0.0,174.51672,-1.4941504e-12,-3.7117683e-12,137.43498,0.0,0.0,174.1323
0.0,0.0,79.08984,0.0,0.0,200.30905,0.0,0.0,82.34187,0.0,0.0,208.77972
0.0,0.0,114.47113,0.0,0.0,189.71085,-1.7087529e-12,5.7695563e-12,136.94388,0.0,0.0,168.7244
0.0,0.0,107.77375,0.0,0.0,184.14197,-8.055862e-14,3.345897e-12,134.8804,0.0,0.0,140.12251
0.0,0.0,81.169235,0.0,0.0,204.0164,0.0,0.0,81.24177,0.0,0.0,210.20952
0.0,0.0,117.42058,0.0,0.0,156.96046,-2.4929663e-12,-1.5392061e-11,131.34052,0.0,0.0,137.3401
0.0,0.0,128.42683,0.0,0.0,162.36153,-9.552957e-13,-3.644221e-12,131.53531,0.0,0.0,164.029
0.0,0.0,127.03922,0.0,0.0,149.09628,-4.461835e-13,-2.8859493e-12,128.27084,0.0,0.0,144.914
0.0,0.0,79.36273,0.0,0.0,207.86295,0.0,0.0,82.3495,0.0,0.0,208.64444
0.0,0.0,124.887665,0.0,0.0,168.75319,-3.9869415e-13,1.5896958e-12,127.71728,0.0,0.0,173.9721
0.0,0.0,73.7767,0.0,0.0,212.34106,0.0,0.022225855,93.56277,0.0,0.0,179.66241
0.0,0.0,121.21387,0.0,0.0,172.9493,-2.981609e-13,1.5930673e-12,138.90494,0.0,0.0,173.75008
0.0,0.0,112.10312,0.0,0.0,184.34064,-3.2990128e-13,1.951857e-12,132.19217,0.0,0.0,146.44421
0.0,0.0,119.81102,0.0,0.0,160.93132,-3.9471163e-13,3.8070658e-12,130.99454,0.0,0.0,149.9579
0.0,0.0,79.63307,0.0,0.0,200.19975,0.0,0.0,85.69169,0.0,0.0,199.06816
0.0,0.0,126.80625,0.0,0.0,163.45137,-2.7251842e-13,-1.1898181e-12,130.20294,0.0,0.0,161.358
0.0,0.0,126.39024,0.0,0.0,167.22412,-5.095998e-13,8.764044e-13,124.308815,0.0,0.0,171.65875
0.0,0.0,126.69669,0.0,0.0,154.25134,-6.1632893e-13,-2.0511357e-12,123.13605,0.0,0.0,136.9643
0.0,0.0,123.77311,0.0,0.0,151.51396,-6.4973004e-14,-1.1604785e-12,127.38159,0.0,0.0,143.0113
0.0,0.0,117.07776,0.0,0.0,148.33588,-1.931249e-12,-3.4540695e-12,132.74191,0.0,0.0,129.21451
0.0,0.0,130.0104,0.0,0.0,162.73405,-5.8533386e-13,6.3820364e-12,125.923,0.0,0.0,163.799
0.0,0.0,125.48955,0.0,0.0,153.63252,-4.550528e-14,3.292764e-12,119.79558,0.0,0.0,149.62363
0.0,0.0,73.171196,0.0,0.0,213.78986,0.0,-0.002485129,90.03488,0.0,0.0,203.72916
0.0,0.0,124.17649,0.0,0.0,147.31116,-1.1607429e-12,9.432951e-12,128.16101,0.0,0.0,145.46425
0.0,0.0,127.17475,0.0,0.0,173.27415,-1.0344526e-12,-2.813411e-12,118.806046,0.0,0.0,180.14877
0.0,0.0,123.04886,0.0,0.0,143.24658,-9.593727e-13,-5.0522472e-12,131.07954,0.0,0.0,120.61392
0.0,0.0,115.36661,0.0,0.0,155.50723,-6.8855685e-13,-1.0417754e-12,145.91261,0.0,0.0,135.82031
0.0,0.0,122.46661,0.0,0.0,177.05307,-1.62229e-12,-7.5234185e-12,136.3961,0.0,0.0,182.97333
0.0,0.0,117.57419,0.0,0.0,149.8607,-1.3090655e-12,-1.5440703e-12,129.55496,0.0,0.0,118.1055
-5.692564e-11,-0.0001961237,104.750755,6.199171e-11,-0.00016664821,163.96487,-2.7557177e-13,2.4738696e-12,135.82816,0.0,0.0,134.11703
0.0,0.0,117.932625,0.0,0.0,172.94391,-2.1559973e-13,-5.1602563e-12,133.41505,0.0,0.0,159.87108
0.0,0.0,115.73872,0.0,0.0,144.13449,-7.8365455e-13,-2.4111772e-12,136.0805,0.0,0.0,121.895935
0.0,0.0,74.86989,0.0,0.0,210.72382,0.0,0.0,86.407936,0.0,0.0,202.06001
0.0,0.0,117.41623,0.0,0.0,171.78989,-7.851996e-14,-2.6848665e-13,131.29803,0.0,0.0,151.69888
0.0,0.0,117.51651,0.0,0.0,175.90364,-7.767534e-13,-3.3771015e-12,130.31238,0.0,0.0,158.34535
0.0,0.0,110.61449,0.0,0.0,189.2438,-9.327873e-13,-4.858941e-12,134.82741,0.0,0.0,155.2377
-7.958385e-11,0.000289968,111.19102,-1.9584516e-11,0.00058144925,166.58447,-5.852938e-13,1.5478797e-12,122.93233,0.0,0.0,138.01172
0.0,0.0,122.308846,0.0,0.0,148.90215,-1.9628018e-13,-3.988614e-12,140.57362,0.0,0.0,144.09593
0.0,0.0,126.20604,0.0,0.0,134.60248,-8.2514806e-13,-4.1676333e-12,126.5621,0.0,0.0,125.16107
0.0,0.0,122.0824,0.0,0.0,147.99234,-5.3905063e-13,-2.7493407e-12,125.44185,0.0,0.0,135.11507
0.0,0.0,115.046936,0.0,0.0,161.17073,-7.2303486e-13,-2.7625888e-12,123.508316,0.0,0.0,138.51697
0.0,0.0,121.2332,0.0,0.0,161.55885,5.7748483e-15,-1.3755142e-12,129.80257,0.0,0.0,152.95941
0.0,0.0,117.38925,0.0,0.0,161.55704,-7.833535e-13,-1.4388535e-12,128.44528,0.0,0.0,143.28035
0.0,0.0,120.318085,0.0,0.0,162.9245,4.637166e-13,-6.044871e-13,124.830734,0.0,0.0,145.13985
0.0,0.0,125.439186,0.0,0.0,160.6055,-6.699926e-13,-2.354652e-12,126.77464,0.0,0.0,159.81833
0.0,0.0,126.212006,0.0,0.0,164.65591,-5.5997264e-13,-3.8253354e-12,127.61761,0.0,0.0,163.19765
0.0,0.0,129.17026,0.0,0.0,163.08765,-3.8350047e-13,-2.2178596e-12,127.60695,0.0,0.0,163.43225
0.0,0.0,128.84016,0.0,0.0,162.08015,-3.3956627e-13,-1.8023088e-12,129.00743,0.0,0.0,160.65993
0.0,0.0,122.6162,0.0,0.0,152.78036,-6.8823425e-13,-2.0273384e-12,123.61683,0.0,0.0,138.04964
0.0,0.0,114.22485,0.0,0.0,159.56454,-7.29967e-13,3.2257703e-12,131.37683,0.0,0.0,128.5781
0.0,0.0,119.52699,0.0,0.0,148.82988,-1.9220398e-12,6.8057543e-12,133.65907,0.0,0.0,140.12666
0.0,0.0,124.871,0.0,0.0,151.90553,-1.9450099e-13,1.7151846e-12,119.560074,0.0,0.0,145.28267
0.0,0.0,124.515,0.0,0.0,162.55173,5.6426794e-14,2.9678853e-12,118.1963,0.0,0.0,163.46841
0.0,0.0,122.95256,0.0,0.0,162.82382,-1.3113526e-11,-1.302263e-10,132.16264,0.0,0.0,159.29639
0.0,0.0,82.49945,0.0,0.0,200.22765,-1.4249725e-10,-2.2497025e-10,76.12981,0.0,0.0,204.65028
0.0,0.0,117.51,0.0,0.0,175.62686,-6.8986483e-13,4.410498e-12,133.28421,0.0,0.0,159.8547
0.0,0.0,76.95538,0.0,0.0,209.23874,0.0,-0.009205052,108.07588,0.0,6.532445e-05,180.91722
-2.0694158e-11,0.00019632927,110.3796,-3.3305456e-11,0.0004281496,156.93849,3.067101e-13,-0.009819466,129.18419,0.0,0.0,132.85641
0.0,0.0,112.43369,0.0,0.0,188.85757,4.0160065e-14,-7.5248445e-12,137.40698,0.0,0.0,159.48524
0.0,0.0,77.77259,0.0,0.0,200.50682,0.0,0.0,89.44986,0.0,0.0,193.01237
0.0,0.0,116.71794,0.0,0.0,167.81395,-2.1734909e-13,-9.581491e-13,136.94846,0.0,0.0,144.41669
0.0,0.0,83.129486,0.0,0.0,200.3175,0.0,0.0,82.648125,0.0,0.0,210.37885
0.0,0.0,113.530205,0.0,0.0,171.63103,-4.3624715e-13,-2.712994e-12,133.40744,0.0,0.0,144.17548
0.0,0.0,114.523094,0.0,0.0,172.9961,-3.8230004e-13,-1.9228798e-12,135.56146,0.0,0.0,139.92114
0.0,0.0,82.62504,0.0,0.0,203.41412,0.0,0.0,80.57629,0.0,0.0,211.43816
0.0,0.0,130.7659,0.0,0.0,165.50015,-3.2073847e-13,-1.8272918e-12,125.25346,0.0,0.0,169.79623
0.0,0.0,126.795,0.0,0.0,167.03584,-7.843861e-14,-3.0531626e-13,131.61232,0.0,0.0,167.08069
0.0,0.0,118.21808,0.0,0.0,143.69792,-4.1258517e-13,-5.2708454e-12,131.31659,0.0,0.0,127.39656
0.0,0.0,127.84381,0.0,0.0,156.2486,-1.8012765e-13,-3.9342596e-13,126.58,0.0,0.0,167.64331
0.0,0.0,76.74495,0.0,0.0,209.22386,0.0,0.0,84.12276,0.0,0.0,200.15775
0.0,0.0,123.61978,0.0,0.0,150.4535,1.01000215e-11,6.201589e-12,138.8316,0.0,0.0,150.57024
0.0,0.0,86.43929,0.0,0.0,196.43562,0.0,0.0,77.11804,0.0,0.0,207.82208
0.0,0.0,74.7344,0.0,0.0,211.06903,-2.4648515e-12,-2.5655676e-11,82.04004,0.0,0.0,198.57436
0.0,0.0,113.12099,0.0,0.0,148.18604,8.28002e-12,3.0656575e-12,136.89368,0.0,0.0,112.83508
0.0,0.0,130.07062,0.0,0.0,168.23744,7.744708e-12,7.2611066e-12,131.35977,0.0,0.0,167.631
0.0,0.0,120.42222,0.0,0.0,168.89575,2.7287916e-12,1.9903025e-12,127.30655,0.0,0.0,163.47446
0.0,0.0,125.55521,0.0,0.0,159.3669,0.0,0.0,129.47911,0.0,0.0,151.6986
0.0,0.0,116.14421,0.0,0.0,171.42245,1.0218511e-11,8.643528e-12,132.72897,0.0,0.0,145.4554
0.0,0.0,84.93363,0.0,0.0,200.55664,0.0,0.0,69.96759,0.0,0.0,217.81754
0.0,0.0,79.98723,0.0,0.0,195.46477,-2.1667136e-12,-2.789944e-12,91.197845,0.0,0.0,180.06955
0.0,0.0,130.4758,0.0,0.0,149.00476,2.4357176e-12,5.7157783e-13,119.80099,0.0,0.0,156.53847
0.0,0.0,118.188095,0.0,0.0,162.71066,1.18836095e-11,8.699721e-12,130.42331,0.0,0.0,142.99239
0.0,0.0,80.82756,0.0,0.0,207.68571,0.0,0.0,73.4167,0.0,0.0,225.98853
0.0,0.0,117.76959,0.0,0.0,145.49934,1.0424618e-11,5.9621023e-12,134.51202,0.0,0.0,133.80457
0.0,0.0,116.154495,0.0,0.0,156.24113,1.026371e-11,2.2987523e-12,135.30943,0.0,0.0,127.76955
0.0,0.0,127.778854,0.0,0.0,154.34457,8.493725e-12,4.6408277e-12,120.66276,0.0,0.0,147.34003
0.0,0.0,126.86963,0.0,0.0,158.94409,7.769339e-12,5.2113105e-12,122.27098,0.0,0.0,158.1659
0.0,0.0,127.610695,0.0,0.0,152.74507,2.693713e-12,8.990939e-13,118.66578,0.0,0.0,146.00073
0.0,0.0,118.2072,0.0,0.0,167.96848,9.254871e-12,5.793155e-12,126.84288,0.0,0.0,157.36433
0.0,0.0,119.9135,0.0,0.0,150.8108,1.4899642e-11,1.1954028e-11,133.4364,0.0,0.0,143.7982
0.0,0.0,118.539955,0.0,0.0,150.50468,4.9547957e-12,4.081302e-12,130.81009,0.0,0.0,131.24466
0.0,0.0,127.6478,0.0,0.0,159.54758,1.4559366e-11,9.733075e-12,129.06741,0.0,0.0,167.14069
0.0,0.0,117.700424,0.0,0.0,140.24632,5.7577376e-12,6.157856e-12,137.1039,0.0,0.0,127.34951
0.0,0.0,122.56137,0.0,0.0,133.98349,2.915042e-12,1.6006826e-12,126.51491,0.0,0.0,122.659645
0.0,0.0,131.34596,0.0,0.0,159.88782,5.839617e-12,2.457678e-12,124.977684,0.0,0.0,163.2261
0.0,0.0,114.171875,0.0,0.0,176.76495,7.93701e-12,5.984441e-12,133.0361,0.0,0.0,150.70235
0.0,0.0,81.59277,0.0,0.0,203.55959,0.0,0.0,83.53891,0.0,0.0,208.65074
0.0,0.0,126.64104,0.0,0.0,164.70834,5.3773544e-12,3.2976618e-12,128.44379,0.0,0.0,157.48404
0.0,0.0,115.12703,0.0,0.0,166.55531,1.4077827e-11,8.42587e-12,132.98102,0.0,0.0,144.35703
0.0,0.0,80.25681,0.0,0.0,195.74663,-1.5824036e-13,4.6361088e-12,86.88618,-1.876179e-11,-6.4504355e-05,185.51917
0.0,0.0,126.86306,0.0,0.0,164.7604,-1.291682,-1.0936882e-12,127.62287,0.0,0.0,161.86143
0.0,0.0,123.46935,0.0,0.0,147.45004,3.9779513e-15,-5.570823e-13,124.014046,0.0,0.0,130.92639
0.0,0.0,126.204056,0.0,0.0,170.961,2.3426886e-15,8.774273e-14,129.19731,0.0,0.0,171.0805
0.0,0.0,82.27162,0.0,0.0,208.93552,-1.7346194e-13,5.4315883e-12,96.72924,1.6539278e-12,0.0002774427,186.90599
0.0,0.0,113.762634,0.0,0.0,154.00294,-1.2676424,-1.7700169e-12,133.24905,0.0,0.0,126.45271
0.0,0.0,123.09266,0.0,0.0,177.03477,1.6311352e-11,8.41982e-12,132.29053,0.0,0.0,179.71815
0.0,0.0,78.96623,0.0,0.0,201.86705,0.0,0.0,85.22348,0.0,0.0,190.17928
0.0,0.0,126.413055,0.0,0.0,158.37483,1.1587468e-11,7.3524025e-12,127.093735,0.0,0.0,160.5026
0.0,0.0,115.76788,0.0,0.0,141.43077,3.3386716e-12,3.1534304e-12,130.50136,0.0,0.0,115.99022
0.0,0.0,116.363686,0.0,0.0,158.02759,3.9971017e-12,1.0333109e-12,132.6147,0.0,0.0,135.82584
0.0,0.0,131.11632,4.1383828e-05,-0.00033107062,164.63164,-2.9739967e-16,8.060063e-13,128.4161,0.0,0.0,172.33492
0.0,0.0,82.229576,0.0,0.0,199.93446,0.0,0.0,73.99427,0.0,0.0,207.2036
0.0,0.0,123.56717,0.0,0.0,161.95035,-2.168554e-13,-3.6437593e-13,124.94842,0.0,0.0,152.33757
0.0,0.0,117.50225,3.1671876e-05,-0.000253375,170.09627,2.0385975e-17,-5.888169e-13,128.80981,0.0,0.0,159.78333
0.0,0.0,83.019394,0.0,0.0,198.5707,0.0,0.0,80.35733,0.0,0.0,207.47208
0.0,0.0,116.36353,0.0,0.0,176.73195,3.9106895e-12,1.2118192e-12,128.12503,0.0,0.0,155.86624
0.0,0.0,125.5453,0.0,0.0,166.92102,-1.8699695e-12,-2.7018912e-12,125.3327,0.0,0.0,166.28502
0.0,0.0,78.67272,0.0,0.0,205.6932,0.0,0.0,77.26795,0.0,0.0,206.67375
0.0,0.0,125.9821,0.0,0.0,143.39035,0.83929986,-1.10795095e-10,120.4574,0.0,0.0,140.30385
0.0,0.0,130.77483,2.2028724e-05,-0.00017622979,164.3164,-1.4218224e-14,-7.707604e-13,128.52075,0.0,0.0,168.47948
0.0,0.0,115.88919,0.0,0.0,168.15666,1.5020461e-12,-7.056643e-13,129.56361,0.0,0.0,145.57774
0.0,0.0,74.55143,0.0,0.0,208.39821,-8.325408e-14,-1.438126e-11,89.342545,0.0,0.0,195.37054
0.0,0.0,69.81696,0.0,0.0,214.4472,-6.3666054e-13,-0.0008749223,86.778336,-5.6171057e-11,0.00018777358,206.48953
0.0,0.0,129.24979,2.1038648e-05,-0.00016830918,156.93163,-2.8435422e-12,2.409884e-12,132.4654,0.0,0.0,159.7883
0.0,0.0,125.58397,0.0,0.0,134.94902,1.7310777e-12,6.4046533e-13,120.40024,0.0,0.0,130.21497
0.0,0.0,123.34458,0.0,0.0,160.97998,-9.489926e-14,-0.016222011,112.48457,0.0,0.0,162.42767
0.0,0.0,129.81111,1.7099226e-05,-0.00013679381,163.98955,1.8432784e-12,1.5283563e-12,126.49079,0.0,0.0,165.05463
0.0,0.0,115.10953,0.0,0.0,144.83582,3.1210243e-12,1.06509785e-13,132.76015,0.0,0.0,120.91058
0.0,0.0,128.45763,0.0,0.0,166.85104,8.23334e-13,1.9318833e-12,122.38911,0.0,0.0,176.49335
0.0,0.0,129.63458,1.4019977e-05,-0.00011215982,160.20615,1.3012889e-12,1.1716997e-12,125.15679,0.0,0.0,161.91327
0.0,0.0,122.7658,1.4448379e-05,-0.000115587034,155.19534,1.184771e-12,3.7171424e-13,125.672226,0.0,0.0,151.65329
0.0,0.0,83.69572,0.0,0.0,202.14867,0.0,0.0,68.111084,0.0,0.0,214.71298
0.0,0.0,125.55446,0.0,0.0,161.39558,7.917596e-14,1.0370563e-12,130.7179,0.0,0.0,156.10231
0.0,0.0,78.360435,0.0,0.0,207.48224,0.0,0.0,78.34134,0.0,0.0,222.2504
0.0,0.0,77.12196,0.0,0.0,206.96426,9.692506e-13,-8.447816e-12,82.0663,-6.953786e-11,0.0006355968,193.20758
0.0,0.0,81.057846,0.0,0.0,195.84747,2.5943364e-13,-2.0140116e-12,83.80434,0.0,0.0,194.28384
0.0,0.0,125.43599,0.0,0.0,146.34406,1.1767428e-11,3.2862404e-12,132.43826,0.0,0.0,146.44522
0.0,0.0,134.00244,-1.0545524e-05,8.436419e-05,161.82259,7.750531e-14,4.0437884e-13,124.08324,0.0,0.0,173.75787
0.0,0.0,129.80078,0.0,0.0,161.98071,7.067706e-14,-2.9879569e-12,118.94134,0.0,0.0,175.89851
0.0,0.0,129.72697,0.0,0.0,155.54538,2.8775905e-13,5.769745e-14,123.38316,0.0,0.0,144.75105
0.0,0.0,127.46701,0.0,0.0,150.87949,-2.2134035e-12,4.924399e-12,132.74664,0.0,0.0,153.4814
0.0,0.0,124.548096,0.0,0.0,153.39745,1.1534869e-13,4.8203438e-12,125.11537,0.0,0.0,157.93741
0.0,0.0,126.78899,0.0,0.0,148.49405,-3.111341e-13,-1.091627e-12,113.24967,0.0,0.0,152.99536
0.0,0.0,123.095406,-5.481233e-05,0.00043849865,178.42262,1.08015234e-13,3.9572217e-12,124.79867,0.0,0.0,171.82227
0.0,0.0,119.42775,0.0,0.0,161.40363,1.9575234e-11,-0.015325319,117.66376,0.0,0.0,172.64966
0.0,0.0,123.56365,0.0,0.0,158.68695,0.31676945,-0.31677064,120.69272,0.0,0.0,160.31319
0.0,0.0,84.53971,0.0,0.0,194.89389,6.2292684e-13,-2.439552e-12,73.33494,0.0,0.0,198.32193
0.0,0.0,127.715744,0.0,0.0,165.35223,0.029931754,-0.02993187,124.3136,0.0,0.0,168.00366
0.0,0.0,89.5188,0.0,0.0,195.41855,0.0,0.0,61.923595,0.0,0.0,220.27391
0.0,0.0,127.41173,0.0,0.0,164.48027,2.46574e-12,-0.039087277,113.86627,0.0,0.0,172.9259
0.0,0.0,85.5775,0.0,0.0,199.8567,6.839304e-14,-4.9377364e-13,70.01352,0.0,0.0,209.15277
1.2972148e-11,0.00024587952,87.14061,0.0,0.0,198.3191,-1.0606548e-12,0.00028543436,65.15639,-4.02184e-11,-0.000100945064,215.67398
0.0,0.0,84.37771,0.0,0.0,201.94765,0.0,0.0,71.19369,0.0,0.0,216.7827
0.0,0.0,81.59412,0.0,0.0,206.39479,1.9549363e-13,-1.1738378e-13,71.51894,0.0,0.0,204.51845
0.0,0.0,80.43971,0.0,0.0,207.68,0.0,0.0,78.90273,0.0,0.0,219.98083
0.0,0.0,76.50365,0.0,0.0,204.98619,1.5066342e-12,-5.2904556e-12,85.290085,0.0,0.0,198.69402
0.0,0.0,79.10277,0.0,0.0,209.22952,1.3833113e-12,-9.23322e-14,74.18081,0.0,0.0,205.88556
0.0,0.0,78.235245,0.0,0.0,198.10991,6.0524074e-13,-5.1893784e-12,85.58266,0.0,0.0,194.28209
0.0,0.0,83.8156,0.0,0.0,198.39267,3.4663375e-12,-5.900954e-12,74.92898,0.0,0.0,203.49693
0.0,0.0,90.14123,0.0,0.0,194.737,0.0,0.0,67.50463,0.0,0.0,218.46243
0.0,0.0,85.496124,0.0,0.0,198.38446,0.0,0.0,68.34601,0.0,0.0,211.36337
0.0,0.0,126.95454,0.0,0.0,162.63834,-0.00069365423,0.0006936534,118.468506,0.0,0.0,157.1875
0.0,0.0,84.53987,0.0,0.0,197.76013,2.073711e-13,-2.1349153e-12,77.67022,0.0,0.0,199.04779
0.0,0.0,125.08068,0.0,0.0,167.80502,0.0066577503,-0.0066577434,114.46173,0.0,0.0,151.1199
0.0,0.0,77.2859,0.0,0.0,204.13522,3.615116e-12,-1.1583326e-11,89.17495,0.0,0.0,187.89542
0.0,0.0,75.425156,0.0,0.0,211.25696,2.6104425e-13,-7.470042e-13,79.16601,0.0,0.0,198.42863
0.0,0.0,75.79752,0.0,0.0,211.66924,-2.3533064e-13,-1.1375914e-12,78.04195,0.0,0.0,205.79408
0.0,0.0,87.234116,0.0,0.0,197.3689,0.0,0.0,69.43649,0.0,0.0,214.72476
0.0,0.0,81.88919,0.0,0.0,201.07059,2.070937e-12,-1.7472575e-12,78.015526,0.0,0.0,198.87146
0.0,0.0,116.46508,0.0,0.0,170.08585,0.0042810002,-0.0042809956,126.94147,0.0,0.0,144.4827
0.0,0.0,72.20708,0.0,0.0,208.90672,2.52144e-13,-1.3591354e-12,85.17905,0.0,0.0,193.87524
0.0,0.0,76.68413,0.0,0.0,199.97763,0.0,0.0,87.70427,0.0,0.0,193.08382
0.0,0.0,86.49357,0.0,0.0,194.7879,1.0728157e-12,-3.9816688e-13,76.797806,0.0,0.0,200.72025
0.0,0.0,82.35254,0.0,0.0,200.90028,4.5085467e-12,-2.6257002e-11,78.39125,0.0,0.0,200.30649
0.0,0.0,76.0485,0.0,0.0,208.71901,0.0,0.0,80.81172,0.0,0.0,201.4656
0.0,0.0,119.352325,0.0,0.0,175.89851,-2.0064994e-13,2.2686746e-13,111.57784,0.0,0.0,159.888
0.0,0.0,123.008354,0.0,0.0,154.16902,-3.2598024e-13,6.72107e-14,127.92355,0.0,0.0,146.72606
0.0,0.0,127.73122,0.0,0.0,155.17825,-0.0009723457,0.0009723447,123.80001,0.0,0.0,152.64136
0.0,0.0,88.91555,0.0,0.0,199.36807,0.0,0.0,68.21548,0.0,0.0,226.79758
-2.907642e-13,0.00020880898,93.5005,0.0,0.0,189.95297,-0.00046485907,0.00046485866,97.273605,2.592349e-11,-6.4777196e-05,172.99959
0.0,0.0,111.860344,0.0,0.0,173.24693,0.0123897465,-0.012389733,125.23512,0.0,0.0,134.78471
0.0,0.0,79.51394,0.0,0.0,209.1526,-3.7278668e-13,-9.997077e-13,72.559135,0.0,0.0,199.46088
0.0,0.0,86.28296,0.0,0.0,200.16727,3.9806153e-12,-1.2743842e-10,69.529785,0.0,0.0,220.53423
0.0,0.0,90.352715,0.0,0.0,189.94781,0.0,0.0,81.41832,0.0,0.0,188.93835
0.0,0.0,124.171684,0.0,0.0,150.94116,0.011445722,-0.011445709,126.04707,0.0,0.0,137.10864
0.0,0.0,87.246185,0.0,0.0,200.76201,-0.0006082127,0.0006082121,94.47751,-1.3138956e-12,0.00022913513,188.29144
0.0,0.0,120.268616,0.0,0.0,160.50885,0.014979748,-0.014979733,122.9213,0.0,0.0,126.37473
1.0969194e-11,-0.00012219607,115.66751,-2.1923648e-12,0.00014175556,168.26048,1.8171643e-12,1.3587203e-11,130.11003,0.0,0.0,170.48569
0.0,0.0,72.79344,0.0,0.0,215.49605,6.8430856e-12,-9.061503e-12,83.86924,0.0,0.0,201.38309
0.0,0.0,121.67024,0.0,0.0,169.7313,0.0011029969,-0.0011029957,124.567184,0.0,0.0,162.9314
0.0,0.0,85.424255,0.0,0.0,196.26923,0.0,0.0,76.04778,0.0,0.0,202.62206
0.0,0.0,123.803955,0.0,0.0,171.41724,0.009112858,-0.00911285,113.84477,0.0,0.0,151.42314
0.0,0.0,124.99343,0.0,0.0,167.0038,0.009898032,-0.009898022,124.75081,0.0,0.0,162.758
0.0,0.0,119.95526,0.0,0.0,169.37318,0.012795105,-0.012795092,120.74687,0.0,0.0,147.02193
0.0,0.0,79.40695,0.0,0.0,203.31093,0.0,0.0,77.58717,0.0,0.0,222.15483
0.0,0.0,134.81923,0.0,0.0,152.56079,0.010023849,-0.010023838,115.5116,0.0,0.0,162.47885
0.0,0.0,90.738235,0.0,0.0,189.31714,0.0,0.0,72.64927,0.0,0.0,217.51039
0.0,0.0,78.65123,0.0,0.0,204.62862,-1.9150098e-12,-4.9468303e-12,82.50749,0.0,0.0,199.26332
0.0,0.0,124.57655,0.0,0.0,160.15672,-1.1960929e-12,-0.028016612,116.66172,0.0,0.0,144.41267
0.0,0.0,121.74117,0.0,0.0,155.39694,2.4897497e-12,-0.013096616,115.06621,0.0,0.0,147.9042
0.0,0.0,79.487015,0.0,0.0,201.31644,1.0827616e-12,-3.747119e-12,84.76671,0.0,0.0,198.55986
0.0,0.0,76.75503,0.0,0.0,218.67764,1.16131185e-11,-9.383893e-12,75.015366,0.0,0.0,219.34674
0.0,0.0,129.30466,0.0,0.0,159.79407,0.020383762,8.1053035e-13,118.55675,0.0,0.0,169.20956
0.0,0.0,78.293945,0.0,0.0,212.83682,0.0,0.0,76.704605,0.0,0.0,225.53969
0.0,0.0,126.486176,0.0,0.0,166.67447,0.024853762,7.717379e-13,129.7324,0.0,0.0,162.86212
1.00083206e-11,-0.00022051818,114.51537,1.8152305e-10,2.5813022e-05,175.48051,3.698726e-12,-0.00868161,122.40639,0.0,0.0,172.80571
0.0,0.0,120.86678,0.0,0.0,172.94405,0.018422794,-0.018422775,121.04512,0.0,0.0,162.69731
0.0,0.0,84.13823,0.0,0.0,204.15964,0.0,0.0,70.12689,0.0,0.0,223.19244
0.0,0.0,74.72123,0.0,0.0,212.10808,3.1448693e-12,-1.6970281e-11,82.622795,0.0,0.0,213.0513
0.0,0.0,72.81933,0.0,0.0,200.79126,1.844432e-12,-3.7836375e-12,89.94134,0.0,0.0,190.00899
0.0,0.0,120.674515,0.0,0.0,141.53717,0.018702287,-0.018702267,131.57686,0.0,0.0,124.18103
0.0,0.0,82.914314,0.0,0.0,197.0542,0.013577817,0.0026367703,98.12068,0.0,0.0,164.04575
0.0,0.0,78.70515,0.0,0.0,194.3768,6.504043e-13,-1.9670002e-13,80.41933,0.0,0.0,196.32585
0.0,0.0,80.47717,0.0,0.0,201.14626,-7.5900066e-13,-2.90416e-12,83.87433,0.0,0.0,194.05386
0.0,0.0,128.53548,0.0,0.0,158.33093,0.020446435,-0.020723347,117.24374,0.0,0.0,151.31583
0.0,0.0,117.69934,0.0,0.0,169.95654,4.770542e-11,-0.014384851,118.25822,0.0,0.0,161.85901
0.0,0.0,82.770775,0.0,0.0,200.39551,0.0,0.0,70.572525,0.0,0.0,209.36943
0.0,0.0,81.07059,0.0,0.0,206.40242,1.4902755e-12,-3.479675e-12,75.70326,0.0,0.0,205.03607
0.0,0.0,81.9699,0.0,0.0,201.7461,2.3013414e-12,-1.7425318e-12,72.78873,0.0,0.0,208.09785
0.0,0.0,84.5496,0.0,0.0,201.72554,0.0,0.0,72.029564,0.0,0.0,217.54169
0.0,0.0,81.15337,0.0,0.0,204.05396,1.6803485e-12,-1.9245452e-12,78.97455,0.0,0.0,194.86523
0.0,0.0,115.634346,0.0,0.0,177.31352,-2.849974e-12,-0.021107132,119.83677,0.0,0.0,168.95424
0.0,0.0,75.169075,0.0,0.0,213.33635,1.8977023e-11,-2.4223226e-11,80.31068,0.0,0.0,201.53384
0.0,0.0,128.89568,0.0,0.0,158.93149,0.023001125,5.0395197e-13,112.92299,0.0,0.0,164.03342
0.0,0.0,79.387276,0.0,0.0,206.13464,-1.0231796e-12,-2.3519113e-13,74.426155,0.0,0.0,215.63208
1.838669e-11,0.00022280503,87.69067,0.0,0.0,195.98352,1.829863e-11,-0.0046026562,84.660355,-1.16209655e-11,0.0003496293,196.57953
0.0,0.0,121.47612,0.0,0.0,173.85342,0.032855257,-4.272674e-12,121.15434,0.0,0.0,154.4203
0.0,0.0,80.2688,0.0,0.0,216.31912,2.377411e-11,9.849488e-11,71.54595,0.0,0.0,228.3978
9.3594976e-12,8.8914036e-05,86.34986,1.5449565e-11,0.0006065067,192.17897,3.2991394e-12,-0.009878583,106.71889,5.786544e-12,5.959394e-06,148.54666
0.0,0.0,71.19308,0.0,0.0,218.6804,0.0,0.0,81.94665,0.0,0.0,232.87213
0.0,0.0,73.34809,0.0,0.0,206.59181,0.0,0.0,93.8009,0.0,0.0,211.69258
0.0,0.0,75.358154,0.0,0.0,203.8275,3.04063e-14,5.340069e-13,87.88612,0.0,0.0,179.48363
0.0,0.0,120.975105,0.0,0.0,163.6679,-5.2785723e-12,-0.02249299,118.57698,0.0,0.0,150.09558
0.0,0.0,79.37848,0.0,0.0,206.74243,0.0,0.0,83.39954,0.0,0.0,199.9831
0.0,0.0,115.97019,0.0,0.0,170.0698,0.018632695,-1.6800784e-12,125.46973,0.0,0.0,156.22545
0.0,0.0,113.30998,0.0,0.0,179.81631,0.022266544,-6.266476e-13,125.78671,0.0,0.0,148.15337
0.0,0.0,112.70151,0.0,0.0,181.79825,0.02274277,1.2240038e-12,127.53292,0.0,0.0,157.69406
0.0,0.0,126.928795,0.0,0.0,154.93033,1.5270422e-11,-0.028001353,121.275215,0.0,0.0,160.83618
0.0,0.0,83.02266,0.0,0.0,209.74821,0.0,0.0,76.01848,0.0,0.0,231.50572
0.0,0.0,79.296196,0.0,0.0,204.44586,6.3021593e-13,-8.4970594e-13,85.09039,0.0,0.0,194.46432
0.0,0.0,122.50395,0.0,0.0,152.10657,0.031717837,8.112277e-13,122.47636,0.0,0.0,122.82852
0.0,0.0,118.245384,0.0,0.0,168.38997,1.4523946e-11,-0.03716539,123.89022,0.0,0.0,162.2912
0.0,0.0,83.22543,0.0,0.0,200.34781,0.0,0.0,76.80047,0.0,0.0,204.81612
0.0,0.0,113.899734,0.0,0.0,188.07767,0.033802282,1.9494736e-12,129.16907,0.0,0.0,163.51825
0.0,0.0,123.59002,0.0,0.0,156.79254,4.5931867e-13,-0.021618998,116.370926,0.0,0.0,129.22491
0.0,0.0,74.9274,0.0,0.0,212.65146,2.291946e-12,-1.7941421e-12,79.25605,0.0,0.0,204.64987
0.0,0.0,81.99414,0.0,0.0,200.43216,1.5842036e-12,-2.1429e-12,76.17482,0.0,0.0,203.01532
0.0,0.0,114.123474,0.0,0.0,147.3971,0.039004505,-1.8534065e-12,128.81372,0.0,0.0,110.98675
0.0,0.0,83.932236,0.0,0.0,203.056,0.0,0.0,74.44159,0.0,0.0,218.84749
-3.0110744e-11,-0.0003249188,116.8136,-7.594071e-11,-7.888937e-05,163.86964,7.341922e-13,-0.016809532,108.89962,-9.3578435e-12,-0.00045107325,154.72931
0.0,0.0,126.49907,0.0,0.0,162.17369,0.032011483,7.6305206e-13,120.281456,0.0,0.0,166.2497
2.0015607e-11,0.0002655729,86.345146,0.0,0.0,201.65738,1.6186386e-11,-3.4798147e-11,89.47565,8.868264e-11,0.00061494857,197.36281
7.2565544e-11,-0.00017968114,111.04509,-1.12417645e-11,0.00012032985,157.8633,0.01018979,-0.010189779,128.1358,9.0482575e-13,-0.00016219655,122.514786
0.0,0.0,76.383354,0.0,0.0,207.81113,1.3387641e-12,-1.6726903e-12,84.89745,0.0,0.0,182.38268
0.0,0.0,72.99884,0.0,0.0,217.5992,7.1220883e-13,-4.6636837e-13,77.63006,0.0,0.0,205.61441
0.0,0.0,121.12289,0.0,0.0,155.52753,1.2279249e-12,-0.036238775,120.279526,0.0,0.0,139.5888
0.0,0.0,75.955215,0.0,0.0,210.7785,4.1808e-12,-1.9383993e-12,79.95169,0.0,0.0,201.47911
0.0,0.0,76.14593,0.0,0.0,214.23592,2.8130337e-12,-1.6899399e-12,80.24937,0.0,0.0,203.73325
0.0,0.0,83.54331,0.0,0.0,199.31587,1.2725727e-10,4.7489257e-10,76.31577,0.0,0.0,207.93471
0.0,0.0,125.862946,0.0,0.0,150.03575,0.038204856,1.9153537e-13,128.17517,0.0,0.0,139.04074
0.0,0.0,83.612175,0.0,0.0,198.46143,1.1765617e-12,-3.4875927e-13,80.11497,0.0,0.0,187.30513
0.0,0.0,124.27809,-2.2739477e-11,-0.00038962433,153.34677,-4.956254e-12,-0.019378155,108.57378,0.0,0.0,152.46736
0.0,0.0,137.31384,0.0,0.0,143.50334,4.9086e-12,-5.3674556e-13,112.661835,0.0,0.0,162.80588
0.0,0.0,83.785706,0.0,0.0,206.47726,0.0,0.0,70.738106,0.0,0.0,224.75925
0.0,0.0,117.333786,0.0,0.0,143.57741,3.7609967e-12,1.3755864e-12,124.59031,0.0,0.0,112.26365
0.0,0.0,84.706894,0.0,0.0,200.47647,9.126824e-12,-0.0075944755,82.27798,0.0,0.0,197.9706
0.0,0.0,119.36623,0.0,0.0,152.47758,9.041006e-13,4.3498384e-13,124.68704,0.0,0.0,134.08801
0.0,0.0,80.30614,0.0,0.0,210.16054,-5.143991e-13,-0.010048876,90.150566,0.0,0.0,203.84091
0.0,0.0,115.679596,0.0,0.0,177.29591,7.86025e-12,3.2526954e-12,128.87125,0.0,0.0,151.85332
0.0,0.0,74.057556,0.0,0.0,206.24658,-1.0932969e-12,0.0056663505,81.32692,0.0,0.0,197.33977
0.0,0.0,77.18466,0.0,0.0,202.0138,9.420428e-13,-2.1561544e-12,84.03599,0.0,0.0,209.30948
0.0,0.0,80.680626,0.0,0.0,203.74098,0.0,0.0,85.13353,0.0,0.0,200.95496
0.0,0.0,85.14619,0.0,0.0,198.31366,6.4893776e-12,-8.1808605e-12,73.64722,0.0,0.0,205.05449
0.0,0.0,124.54524,0.0,0.0,155.21509,8.0677327e-13,6.9377143e-13,115.4106,0.0,0.0,142.89354
0.0,0.0,119.94301,0.0,0.0,140.84642,-8.390757e-13,4.126308e-13,124.7857,0.0,0.0,122.50522
0.0,0.0,79.702896,0.0,0.0,206.91443,-2.3754787e-14,5.436679e-12,71.321365,0.0,0.0,216.54587
0.0,0.0,82.15316,0.0,0.0,199.31151,0.0,0.0,82.41954,0.0,0.0,207.02737
-4.52556e-12,-8.0446465e-05,113.50452,4.0960103e-11,0.0002593366,165.7525,1.2391518e-12,-0.00058117975,109.97623,4.364397e-12,-0.0001788344,153.71411
0.0,0.0,121.95537,0.0,0.0,168.49158,1.7035266e-12,9.994059e-13,126.146576,0.0,0.0,158.49239
0.0,0.0,81.46573,0.0,0.0,210.6797,-9.268692e-12,-0.0064264107,80.28301,0.0,0.0,202.46088
0.0,0.0,84.3743,0.0,0.0,200.408,0.0,0.0,76.02721,0.0,0.0,207.39633
0.0,0.0,125.52962,0.0,0.0,157.75385,-4.9355875e-12,-1.4554935e-12,127.18438,0.0,0.0,150.62268
0.0,0.0,82.12925,0.0,0.0,206.00186,0.0,0.0,72.5313,0.0,0.0,221.92627
0.0,0.0,120.59454,0.0,0.0,172.62404,0.035940364,6.571345e-14,127.13952,0.0,0.0,166.36554
0.0,0.0,81.348274,0.0,0.0,209.0097,0.0,0.0,78.79024,0.0,0.0,228.17996
0.0,0.0,89.8667,0.0,0.0,195.30109,0.0,0.0,68.07428,0.0,0.0,217.24637
0.0,0.0,72.490074,0.0,0.0,223.6126,-2.6459122e-13,-9.538463e-13,81.04222,0.0,0.0,199.02177
-1.2927268e-11,-2.3323995e-05,102.597015,-3.109658e-11,0.00035842662,174.04504,3.389366e-12,-0.00022728172,116.737,1.0082321e-11,-6.0668623e-05,129.62181
0.0,0.0,118.68898,2.1493889e-10,-0.00045364955,147.49422,-6.129487e-12,-0.014101713,123.61919,0.0,0.0,140.19907
0.0,0.0,117.65923,0.0,0.0,172.97392,0.028629137,-4.5227616e-13,126.49181,0.0,0.0,163.8197
0.0,0.0,118.756744,0.0,0.0,152.63736,0.03347475,5.574208e-13,126.75188,0.0,0.0,120.79683
0.0,0.0,127.148605,0.0,0.0,152.67915,0.029529173,-1.0997758e-12,115.17842,0.0,0.0,150.03474
0.0,0.0,81.53787,0.0,0.0,205.69598,0.0,0.0,74.392105,0.0,0.0,221.57233
0.0,0.0,132.82545,0.0,0.0,154.06248,0.03484515,6.2902217e-13,119.62843,0.0,0.0,168.30797
1.5708122e-11,-0.00018771178,118.957405,2.058081e-11,0.00011245985,152.90332,-7.41209e-12,-0.016976057,115.029785,-3.4443934e-11,-0.00024506304,134.74757
0.0,0.0,86.1376,0.0,0.0,196.76329,-1.2524418e-11,0.004598928,89.08151,0.0,0.0,192.56958
0.0,0.0,81.0564,0.0,0.0,203.73257,0.0,0.0,82.615746,0.0,0.0,206.71236
0.0,0.0,85.93268,0.0,0.0,198.77026,0.0,0.0,76.78711,0.0,0.0,215.43205
0.0,0.0,124.94274,0.0,0.0,163.36876,-1.1580072e-13,-3.8352608e-13,124.73178,0.0,0.0,156.50443
0.0,0.0,120.22114,0.0,0.0,177.99507,1.2881242e-11,5.905936e-12,127.81659,0.0,0.0,178.24622
0.0,0.0,74.67622,0.0,0.0,222.15468,-0.0005436133,0.00054361275,89.39447,0.0,0.0,219.4707
0.0,0.0,75.289185,0.0,0.0,216.79146,4.5579404e-13,-7.488694e-13,77.506424,0.0,0.0,208.3518
0.0,0.0,83.76891,0.0,0.0,200.6347,0.0,0.0,74.15021,0.0,0.0,211.3222
0.0,0.0,126.99311,0.0,0.0,163.63034,7.459363e-13,4.552465e-13,127.01279,0.0,0.0,161.66023
0.0,0.0,87.05094,0.0,0.0,198.49567,0.0,0.0,74.28834,0.0,0.0,210.32188
0.0,0.0,125.16514,0.0,0.0,171.6301,-6.2805067e-13,-1.0718872e-12,128.44801,0.0,0.0,155.58763
0.0,0.0,125.37631,0.0,0.0,167.63045,-3.885501e-14,8.408403e-13,130.5021,0.0,0.0,165.85268
0.0,0.0,81.46839,0.0,0.0,201.31519,3.1466624e-12,0.0091726165,84.07554,0.0,0.0,198.1421
0.0,0.0,78.37895,0.0,0.0,204.67635,-1.3958795e-12,0.008614153,75.49144,0.0,0.0,204.67287
0.0,0.0,79.01355,0.0,0.0,215.54962,0.0,0.0,82.70644,0.0,0.0,215.07515
0.0,0.0,77.33716,0.0,0.0,211.04483,6.104529e-13,1.5002217e-14,75.81607,0.0,0.0,210.71977
0.0,0.0,76.73013,0.0,0.0,219.8596,0.0,0.0,81.73094,0.0,0.0,229.22325
0.0,0.0,123.20894,0.0,0.0,151.91298,3.7310597e-12,1.2720664e-12,125.8687,0.0,0.0,138.07275
0.0,0.0,134.29822,0.0,0.0,147.8232,-3.3248662e-12,-3.4066407e-13,119.608086,0.0,0.0,154.19441
0.0,0.0,127.6363,0.0,0.0,170.67737,1.612927e-12,1.0939425e-12,121.48787,0.0,0.0,176.42554
2.6196005e-11,-0.00019047962,119.69708,-4.489364e-11,0.00013926315,157.788,-1.1493117e-12,-0.00071073306,117.48669,3.5022225e-11,-0.00014066556,148.15335
0.0,0.0,126.4496,0.0,0.0,153.31891,-7.085501e-13,1.0562396e-12,125.6522,0.0,0.0,157.64473
0.0,0.0,123.48701,0.0,0.0,158.75166,2.7947257e-13,-9.93161e-13,130.1484,0.0,0.0,153.34863
0.0,0.0,126.287384,0.0,0.0,150.40753,-5.692532e-13,7.809489e-13,125.79562,0.0,0.0,150.44415
0.0,0.0,128.13281,0.0,0.0,148.78992,-5.0761844e-14,1.7111578e-13,118.22201,0.0,0.0,147.32022
0.0,0.0,129.43134,0.0,0.0,167.75217,6.0167615e-13,7.254012e-14,127.61377,0.0,0.0,166.73386
0.0,0.0,82.637825,0.0,0.0,213.08159,-8.2308604e-11,-1.0402852e-11,71.66316,0.0,0.0,216.4409
0.0,0.0,124.54639,0.0,0.0,163.2991,9.46584e-13,-3.7163957e-13,121.80667,0.0,0.0,161.30548
0.0,0.0,125.769,0.0,0.0,167.72617,1.6279374e-13,-1.2556606e-12,131.28964,0.0,0.0,162.42064
0.0,0.0,84.54693,0.0,0.0,198.87439,-0.011611235,0.026373712,82.7034,0.0,0.0,205.62013
0.0,0.0,125.60646,0.0,0.0,150.87827,-1.4558168e-12,1.3664427e-12,126.703255,0.0,0.0,147.2276
0.0,0.0,130.2133,0.0,0.0,160.7547,-6.0120263e-13,9.319795e-13,126.145325,0.0,0.0,156.88559
0.0,0.0,87.21634,0.0,0.0,201.0425,0.0,0.0,71.10497,0.0,0.0,222.4318
0.0,0.0,119.662704,0.0,0.0,177.66989,3.7423836e-12,-8.3031726e-13,130.96266,0.0,0.0,177.47852
0.0,0.0,92.08282,0.0,0.0,193.9337,0.0,0.0,64.13711,0.0,0.0,221.92441
0.0,0.0,127.2293,0.0,0.0,143.41379,-1.4118944e-13,-5.05297e-13,114.58998,0.0,0.0,130.85274
0.0,0.0,126.280624,0.0,0.0,166.352,3.6903778e-13,2.0115378e-13,131.19803,0.0,0.0,162.4519
0.0,0.0,88.78067,0.0,0.0,198.1067,0.0,0.0,73.82994,0.0,0.0,217.55197
8.925951e-12,-0.00015801816,121.81957,7.690793e-12,0.00019903298,161.77777,0.0,-0.00029563237,125.04755,0.0,-2.7762122e-05,159.69498
0.0,0.0,131.97269,0.0,0.0,144.7465,-1.3732434e-12,-1.5580779e-12,113.83667,0.0,0.0,155.28827
0.0,0.0,125.70037,0.0,0.0,167.38705,-3.201896e-13,-8.1121436e-14,131.38791,0.0,0.0,158.26117
0.0,0.0,126.807625,0.0,0.0,166.24075,-2.234507e-15,-1.5882896e-14,129.93224,0.0,0.0,163.99315
0.0,0.0,82.09107,0.0,0.0,201.30293,-0.008608318,0.008608311,85.072464,0.0,0.0,196.30759
0.0,0.0,127.54031,0.0,0.0,165.82542,3.8678265e-13,6.939808e-13,119.69104,0.0,0.0,173.60312
0.0,0.0,87.017784,0.0,0.0,200.43304,0.0,0.0,66.39205,0.0,0.0,218.47812
0.0,0.0,120.94127,0.0,0.0,172.05156,-2.985786e-13,9.849409e-13,127.95271,0.0,0.0,155.24106
0.0,0.0,133.22842,0.0,0.0,152.6956,-6.9914614e-13,2.465817e-13,118.673676,0.0,0.0,162.702
0.0,0.0,125.87744,0.0,0.0,167.90382,-1.6420566e-12,1.0623321e-12,132.51056,0.0,0.0,160.99152
0.0,0.0,124.08746,0.0,0.0,169.34181,-1.9365076e-13,5.39852e-14,132.87067,0.0,0.0,163.14429
0.0,0.0,127.24597,0.0,0.0,168.95113,-1.2223801e-13,-9.5564304e-14,131.32843,0.0,0.0,161.71243
0.0,0.0,129.01083,0.0,0.0,157.62114,-1.358551e-12,1.0734584e-12,122.408714,0.0,0.0,161.30554
0.0,0.0,123.422104,0.0,0.0,168.8039,-2.069839e-12,-1.3069059e-12,132.7515,0.0,0.0,155.03217
0.0,0.0,122.85657,0.0,0.0,153.37938,3.7808791e-13,-5.8928963e-13,125.70548,0.0,0.0,146.06546
0.0,0.0,113.88467,0.0,0.0,174.35568,-5.0503037e-13,1.05374544e-13,129.06879,0.0,0.0,140.2956
0.0,0.0,125.47287,0.0,0.0,176.47769,2.1341806e-12,-3.7441393e-13,121.59265,0.0,0.0,180.61853
0.0,0.0,85.27798,0.0,0.0,205.33646,-0.013455824,0.013455813,72.20298,0.0,0.0,204.26181
0.0,0.0,120.325554,0.0,0.0,176.26111,-4.807649e-13,3.2344827e-13,124.804825,0.0,0.0,162.61086
0.0,0.0,128.35645,0.0,0.0,165.51047,-4.975285e-13,6.8694356e-13,131.09465,0.0,0.0,162.50961
0.0,0.0,131.65155,0.0,0.0,153.2597,2.055363e-12,2.8996055e-12,116.82994,0.0,0.0,162.97653
0.0,0.0,131.12206,0.0,0.0,158.37401,-2.1206292e-12,7.59292e-14,121.18328,0.0,0.0,163.3277
0.0,0.0,83.39588,0.0,0.0,210.03293,-0.01619104,0.016191026,76.39464,0.0,0.0,209.2836
0.0,0.0,127.06671,0.0,0.0,138.63768,1.2818914e-12,6.378733e-13,118.67503,0.0,0.0,143.58984
0.0,0.0,128.02249,0.0,0.0,151.5003,6.88417e-13,3.1017669e-12,119.46503,0.0,0.0,149.471
0.0,0.0,127.27614,0.0,0.0,162.51508,-2.594753e-13,-6.606222e-13,114.544075,0.0,0.0,154.60583
-2.2665108e-11,0.00028825187,90.18951,0.0,0.0,192.81349,-5.4702657e-12,0.004847274,80.473495,0.0,0.0,201.00311
-7.695502e-12,4.269383e-05,77.86873,0.0,0.0,224.90715,-8.284672e-12,0.0029500462,90.508736,-5.0619377e-11,0.0005223389,198.27493
0.0,0.0,79.28591,0.0,0.0,190.95924,-0.009763119,0.00976311,98.13751,0.0,0.0,175.10619
0.0,0.0,79.80061,0.0,0.0,214.33357,0.0,0.0,76.4189,0.0,0.0,220.7625
0.0,0.0,113.87067,0.0,0.0,179.3465,-3.5478407e-13,-4.0722902e-12,124.1545,0.0,0.0,144.01205
0.0,0.0,126.91443,0.0,0.0,168.37756,1.1743674e-13,-9.414362e-13,130.2219,0.0,0.0,161.1911
0.0,0.0,126.25321,0.0,0.0,167.39713,-1.489965e-12,-3.970884e-13,130.90018,0.0,0.0,160.82932
0.0,0.0,127.858116,0.0,0.0,169.14713,-1.0936243e-12,-1.9854752e-13,127.61922,0.0,0.0,162.02356
0.0,0.0,121.13769,0.0,0.0,176.52713,-1.912956e-12,1.9956948e-12,128.0058,0.0,0.0,176.80017
0.0,0.0,124.53873,0.0,0.0,172.47667,1.365841e-13,-9.491298e-13,125.44963,0.0,0.0,169.58572
0.0,0.0,82.69431,0.0,0.0,198.90038,-0.0110381,0.011038091,78.8288,0.0,0.0,197.5159
0.0,0.0,79.28966,0.0,0.0,197.9904,0.0,0.0,87.46426,0.0,0.0,193.87888
0.0,0.0,123.12671,0.0,0.0,173.85034,-1.0806908e-12,1.4182134e-13,125.46325,0.0,0.0,169.8066
0.0,0.0,122.35248,0.0,0.0,134.11655,3.484787e-13,9.360032e-13,128.25418,0.0,0.0,123.968056
0.0,0.0,119.47364,0.0,0.0,136.97528,4.308754e-13,4.504847e-13,124.65465,0.0,0.0,115.465355
0.0,0.0,84.84841,0.0,0.0,200.91989,0.0,0.0,70.866005,0.0,0.0,217.10847
0.0,0.0,126.6909,0.0,0.0,169.06085,8.3024977e-13,-2.8850156e-12,132.71933,0.0,0.0,163.02396
3.48707e-11,0.0002189829,85.288475,0.0,0.0,192.84653,-3.1354298e-11,0.0046475236,84.07175,0.0,0.0,190.79665
0.0,0.0,80.01992,0.0,0.0,208.55507,-3.3988624e-11,0.01554084,88.822754,0.0,0.0,191.08438
0.0,0.0,127.70415,0.0,0.0,161.84938,-9.185842e-13,9.283157e-13,129.95718,0.0,0.0,163.0165
0.0,0.0,131.4319,-3.460451e-11,-0.00014954634,155.31885,-4.286722e-12,-0.00026358967,118.4584,2.7605418e-12,-0.00026334418,164.10576
0.0,0.0,130.02402,0.0,0.0,165.21191,-4.4414692e-13,-1.6291662e-13,128.88132,0.0,0.0,157.88843
0.0,0.0,80.62024,0.0,0.0,200.11816,0.0,0.0,77.49436,0.0,0.0,209.1979
0.0,0.0,118.901596,0.0,0.0,151.20064,-1.7510082e-13,-4.570477e-13,134.61078,0.0,0.0,145.88708
0.0,0.0,117.10861,0.0,0.0,177.69638,1.1502191e-12,-2.3645463e-13,124.85849,0.0,0.0,156.80319
0.0,0.0,119.167175,0.0,0.0,159.851,4.314426e-13,-1.052488e-12,121.97468,0.0,0.0,142.74396
0.0,0.0,123.85024,0.0,0.0,167.91016,-2.488812e-13,4.554903e-13,122.88596,0.0,0.0,167.08228
0.0,0.0,129.90091,0.0,0.0,153.384,-2.4990795e-13,-6.007213e-13,117.64314,0.0,0.0,160.88478
0.0,0.0,127.518814,0.0,0.0,175.32997,-1.0581597e-12,6.2226374e-13,123.03626,0.0,0.0,164.5622
0.0,0.0,127.41312,0.0,0.0,157.27647,6.346139e-13,1.980706e-13,115.515564,0.0,0.0,159.9965
0.0,0.0,125.74547,0.0,0.0,159.51257,1.4805579e-12,2.60461e-12,119.9185,0.0,0.0,160.86221
0.0,0.0,128.00006,0.0,0.0,165.93082,1.0869655e-12,1.997701e-12,115.096016,0.0,0.0,155.32782
-1.5320615e-11,-0.00025332195,104.658646,-2.1423141e-11,0.00012700573,179.19537,1.8384598e-10,0.002328531,119.58897,0.0,0.00036053013,144.17216
-3.9636655e-11,-7.159747e-05,78.73532,2.5608784e-11,0.00044890842,205.94424,0.0035512843,-0.0035512815,103.74254,5.1768728e-11,0.00050992606,182.44907
0.0,0.0,81.72855,0.0,0.0,200.17487,0.0,0.0,75.724075,0.0,0.0,210.82532
0.0,0.0,129.5118,0.0,0.0,153.64679,-9.76039e-13,-1.4384258e-12,113.42018,0.0,0.0,158.0997
0.0,0.0,91.277016,0.0,0.0,194.16048,0.0,0.0,67.366394,0.0,0.0,224.5094
0.0,0.0,80.71018,0.0,0.0,201.83307,0.0,0.0,77.64508,0.0,0.0,218.69179
0.0,0.0,128.07834,0.0,0.0,147.46935,-2.7659776e-13,1.8569074e-13,115.2718,0.0,0.0,148.72865
0.0,0.0,128.67749,0.0,0.0,152.91953,-1.1209383e-12,-1.0259327e-14,121.03006,0.0,0.0,135.0454
0.0,0.0,89.490585,0.0,0.0,192.91597,0.0,0.0,73.18168,0.0,0.0,216.97308
0.0,0.0,121.248856,0.0,0.0,170.03986,-1.8735677e-12,3.6441e-13,122.638214,0.0,0.0,165.00659
0.0,0.0,133.11252,0.0,0.0,159.63866,-2.1784825e-13,5.6255684e-13,115.566315,0.0,0.0,172.14964
0.0,0.0,87.723755,0.0,0.0,193.50919,0.0,0.0,76.50976,0.0,0.0,212.26312
0.0,0.0,124.71719,0.0,0.0,160.04916,-8.5193305e-13,-2.1174948e-13,133.27531,0.0,0.0,155.07759
0.0,0.0,82.728775,0.0,0.0,204.31044,0.0,0.0,77.7435,0.0,0.0,216.32805
-8.106566e-12,-7.500782e-05,77.9031,4.8373187e-11,0.0004568748,212.2027,0.0034775217,-0.0034775187,78.59348,-4.421946e-11,0.0005505217,201.80183
0.0,0.0,82.10819,0.0,0.0,198.10011,2.4033687e-12,-5.117419e-13,75.963875,0.0,0.0,202.89432
0.0,0.0,117.303856,0.0,0.0,180.46594,-5.1739266e-13,2.3027855e-13,124.51854,0.0,0.0,151.93018
0.0,0.0,127.83108,0.0,0.0,144.01854,-1.2989826e-12,-3.856341e-12,118.61488,0.0,0.0,144.796
0.0,0.0,118.15007,0.0,0.0,144.19447,-1.3001949e-12,6.723422e-13,128.57855,0.0,0.0,130.2286
0.0,0.0,121.1815,0.0,0.0,155.51752,-1.5047751e-12,-3.4119096e-12,120.79404,0.0,0.0,145.71364
0.0,0.0,122.47731,0.0,0.0,163.66037,-5.347798e-13,1.7094777e-13,121.480255,0.0,0.0,155.0192
0.0,0.0,125.34709,0.0,0.0,169.40259,7.0075314e-14,-1.0371272e-12,119.66076,0.0,0.0,158.38408
0.0,0.0,114.8384,0.0,0.0,153.00386,-1.0890295e-12,-1.745213e-12,126.20041,0.0,0.0,112.770805
0.0,0.0,123.76652,0.0,0.0,169.86987,-1.6224862e-12,8.3299556e-13,129.33932,0.0,0.0,159.13803
0.0,0.0,118.95509,0.0,0.0,144.44067,1.2342484e-12,1.6395625e-12,124.973076,0.0,0.0,130.55174
0.0,0.0,85.571365,0.0,0.0,199.1532,0.0,0.0,71.361946,0.0,0.0,216.46756
0.0,0.0,122.41281,0.0,0.0,150.80136,-3.3141758e-12,-2.0350397e-11,123.566086,0.0,0.0,139.8266
0.0,0.0,79.93603,0.0,0.0,207.52837,-2.774021e-12,0.013392804,89.786064,0.0,0.0,189.95541
0.0,0.0,80.07248,0.0,0.0,207.71223,0.006432822,-1.9587953e-13,77.79051,0.0,0.0,200.06888
0.0,0.0,127.93651,0.0,0.0,167.09143,-4.643392e-13,5.1825726e-13,127.99501,0.0,0.0,161.48186
0.0,0.0,126.661194,0.0,0.0,168.52008,-8.582975e-13,-1.4640016e-13,128.55208,0.0,0.0,161.43495
0.0,0.0,123.09805,0.0,0.0,175.72365,-1.3285423e-12,5.963192e-13,126.314545,0.0,0.0,171.8732
0.0,0.0,124.89793,0.0,0.0,163.12976,1.029311e-11,1.9169437e-11,121.88744,0.0,0.0,163.9462
0.0,0.0,84.47084,0.0,0.0,199.71214,1.6407331e-12,-6.7385084e-13,69.31128,0.0,0.0,208.25354
0.0,0.0,129.2055,0.0,0.0,167.25618,-2.0184645e-13,4.442371e-14,128.36,0.0,0.0,159.23311
0.0,0.0,117.66402,0.0,0.0,170.20316,-1.3705194e-12,-3.5211233e-13,125.70449,0.0,0.0,152.62468
0.0,0.0,78.57103,0.0,0.0,212.89528,0.0,0.0,78.061165,0.0,0.0,212.5743
0.0,0.0,122.254395,0.0,0.0,161.63974,1.9954134e-12,5.5993236e-13,125.708694,0.0,0.0,166.15898
0.0,0.0,116.45659,0.0,0.0,155.7771,-2.4802786e-12,-1.5314245e-15,133.30458,0.0,0.0,124.30256
0.0,0.0,77.9537,0.0,0.0,208.29898,4.131584e-14,5.115211e-13,82.058075,0.0,0.0,195.00696
0.0,0.0,113.31887,0.0,0.0,161.67587,-2.0186585e-12,-3.3495012e-12,122.30777,0.0,0.0,128.20494
0.0,0.0,129.44614,0.0,0.0,161.44281,5.771605e-13,-9.773222e-15,120.89767,0.0,0.0,172.61426
0.0,0.0,116.63947,0.0,0.0,164.54553,-6.858097e-13,9.938448e-12,133.66548,0.0,0.0,144.07457
-6.882409e-12,0.00013857361,84.247345,0.0,0.0,191.66618,0.000281222,-0.00028122176,82.81784,0.0,0.0,195.44019
0.0,0.0,126.825165,0.0,0.0,135.69781,-4.5794103e-13,1.9530879e-13,121.863625,0.0,0.0,135.24902
0.0,0.0,129.48682,0.0,0.0,165.80116,3.5744845e-13,1.590124e-13,119.83815,0.0,0.0,177.8471
0.0,0.0,81.23886,0.0,0.0,197.36768,0.0,0.0,80.4131,0.0,0.0,199.8796
0.0,0.0,124.8042,0.0,0.0,158.50142,-1.9609145e-12,7.6884793e-13,124.90845,0.0,0.0,163.3537
0.0,0.0,128.57053,0.0,0.0,159.56483,-4.0143222e-13,-1.0748959e-12,122.54188,0.0,0.0,155.12225
0.0,0.0,123.18945,5.710936e-11,-0.00036523095,150.06361,1.1564936e-12,-0.00013861268,117.25218,-9.223448e-12,-0.00022429647,142.14154
0.0,0.0,128.06734,0.0,0.0,165.43478,-8.7232944e-13,-3.6788698e-13,128.44087,0.0,0.0,161.28613
0.0,0.0,118.874756,0.0,0.0,165.93445,-6.5377326e-13,8.675971e-13,131.93884,0.0,0.0,155.64879
0.0,0.0,123.79198,0.0,0.0,174.65195,3.2983983e-13,1.0958515e-12,123.656265,0.0,0.0,160.19907
0.0,0.0,82.77135,0.0,0.0,204.99869,0.0,0.0,77.525276,0.0,0.0,206.65727
0.0,0.0,81.867645,0.0,0.0,201.46004,2.1054142e-12,-8.834626e-13,71.004486,0.0,0.0,208.99036
0.0,0.0,124.78428,0.0,0.0,163.57507,-2.243103e-12,1.8213408e-12,122.15849,0.0,0.0,155.9851
7.402371e-13,7.970055e-05,85.142,0.0,0.0,194.71426,0.00075245224,-0.00075245154,73.39731,0.0,0.0,201.9896
0.0,0.0,128.8828,0.0,0.0,165.93777,-4.068619e-13,1.4389587e-12,128.6123,0.0,0.0,166.6455
0.0,0.0,123.85918,0.0,0.0,172.16795,3.4182855e-14,-9.859222e-15,119.05755,0.0,0.0,153.0931
0.0,0.0,122.890915,0.0,0.0,162.2403,0.0,0.0,120.85585,0.0,0.0,153.59586
0.0,0.0,79.68251,0.0,0.0,213.50946,-2.113099e-12,-1.2104165e-12,75.11841,0.0,0.0,213.72592
0.0,0.0,90.93764,0.0,0.0,195.81084,0.0,0.0,67.17141,0.0,0.0,222.51297
0.0,0.0,123.96488,0.0,0.0,175.01755,4.477681e-12,3.9058633e-13,132.95168,0.0,0.0,175.11458
0.0,0.0,121.43647,0.0,0.0,152.90208,1.0063741e-12,2.578666e-13,134.71753,0.0,0.0,137.59534
0.0,0.0,130.79791,0.0,0.0,159.99823,-9.313733e-13,2.0678316e-12,123.624985,0.0,0.0,167.85576
0.0,0.0,87.30731,0.0,0.0,197.50848,0.0,0.0,74.132576,0.0,0.0,208.70522
0.0,0.0,126.76593,0.0,0.0,175.57005,3.1206445e-13,-1.0943544e-13,121.77803,0.0,0.0,163.25432
0.0,0.0,119.784164,0.0,0.0,159.19936,2.2760231e-12,-4.849948e-12,131.49095,0.0,0.0,156.5605
-1.523431e-11,2.1456251e-05,89.13786,0.0,0.0,188.51672,-3.164989e-13,0.0024623985,88.52589,0.0,0.0,188.23029
0.0,0.0,130.5817,0.0,0.0,157.26143,-5.807483e-13,1.4325681e-12,125.81334,0.0,0.0,159.76534
0.0,0.0,86.15561,0.0,0.0,201.37158,0.0,0.0,69.097,0.0,0.0,217.57051
0.0,0.0,124.71274,0.0,0.0,166.15053,-1.1808004e-13,7.4275677e-13,121.69821,0.0,0.0,158.36998
0.0,0.0,122.883286,0.0,0.0,150.37018,-1.9128857e-13,9.20528e-13,123.63888,0.0,0.0,137.30501
0.0,0.0,125.34885,0.0,0.0,168.84836,-1.8340698e-12,-3.8071504e-13,131.67503,0.0,0.0,162.31842
0.0,0.0,121.84521,9.857736e-11,-0.00024842616,144.00809,1.1836866e-12,0.0011576473,123.312195,-2.1779438e-11,-0.00011930966,118.95842
0.0,0.0,121.40187,0.0,0.0,172.79909,-1.206413e-12,7.82953e-13,122.71834,0.0,0.0,167.74153
0.0,0.0,80.46609,0.0,0.0,199.40027,0.0,0.0,74.683685,0.0,0.0,204.40515
0.0,0.0,127.603455,0.0,0.0,163.75159,2.4651396e-13,-2.5695326e-13,128.76239,0.0,0.0,159.5741
0.0,0.0,118.62868,0.0,0.0,161.84888,-2.4899778e-12,-0.009734506,112.36557,0.0,0.0,153.56824
0.0,0.0,125.56416,0.0,0.0,142.56296,-1.1793266e-12,-1.5669235e-12,116.757904,0.0,0.0,142.99712
0.0,0.0,121.307465,0.0,0.0,150.49298,-3.7421298e-13,3.2969348e-14,121.86585,0.0,0.0,132.8735
0.0,0.0,125.12017,0.0,0.0,171.80428,-1.7251737e-12,-3.150349e-13,128.84753,0.0,0.0,168.30548
0.0,0.0,84.61726,0.0,0.0,201.25839,2.0446166e-12,-6.79277e-13,71.35417,0.0,0.0,212.16005
0.0,0.0,87.168846,0.0,0.0,196.87558,0.0,0.0,71.130486,0.0,0.0,215.15552
0.0,0.0,126.53856,0.0,0.0,165.79118,1.4826354e-13,3.960001e-13,130.24722,0.0,0.0,160.54076
0.0,0.0,131.85565,0.0,0.0,162.50714,-1.3205619e-12,-1.6718997e-13,120.69972,0.0,0.0,179.41809
0.0,0.0,122.622025,0.0,0.0,155.07312,1.3394457e-13,-0.08199047,124.78156,0.0,0.0,147.48994
0.0,0.0,127.46175,0.0,0.0,147.48163,-2.6695635e-13,-8.1046975e-13,121.0646,0.0,0.0,154.23476
0.0,0.0,112.99307,0.0,0.0,173.7951,-5.072943e-13,-0.08558444,129.7621,0.0,0.0,145.26355
0.0,0.0,123.94199,-2.607544e-11,-0.00031914993,149.16049,-0.029004604,0.01614494,116.20254,-1.2838643e-11,-0.00018048631,139.14035
0.0,0.0,127.43193,0.0,0.0,162.89491,-0.031425186,-6.348363e-14,127.9385,0.0,0.0,161.42178
2.4296414e-11,-1.19108745e-05,80.971306,4.305071e-11,0.0006560056,203.54895,0.0028531994,-0.0028531966,72.17038,0.0,0.0,207.18301
0.0,0.0,124.35489,0.0,0.0,169.52582,-8.703804e-14,-4.22146e-13,132.07524,0.0,0.0,167.45578
0.0,0.0,114.127106,0.0,0.0,168.58829,-0.033777967,3.8127593e-13,134.46106,0.0,0.0,150.56407
0.0,0.0,125.08984,0.0,0.0,165.06577,3.3859918e-13,9.0336235e-13,126.3438,0.0,0.0,172.37732
0.0,0.0,123.724434,0.0,0.0,151.90488,-0.028678784,0.010094144,118.751564,0.0,0.0,140.6741
0.0,0.0,87.55741,0.0,0.0,203.01898,0.0,0.0,65.35838,0.0,0.0,225.48834
0.0,0.0,122.83678,0.0,0.0,137.91798,-0.028843176,0.006257708,120.312805,0.0,0.0,127.76462
0.0,0.0,128.77374,0.0,0.0,156.75998,-7.7372055e-13,-0.055635743,118.49771,0.0,0.0,165.16678
0.0,0.0,121.98566,0.0,0.0,169.71718,-8.7704323e-13,-0.069422066,115.35332,0.0,0.0,160.9108
0.0,0.0,111.639145,0.0,0.0,157.99417,-8.18297e-13,-0.025978856,124.407814,0.0,0.0,123.60973
0.0,0.0,81.92375,0.0,0.0,205.23944,0.001226504,-0.0012265027,74.75365,0.0,0.0,201.94556
0.0,0.0,131.53036,0.0,0.0,153.19087,-0.029555637,-5.77964e-13,120.42131,0.0,0.0,166.27127
0.0,0.0,125.43725,0.0,0.0,167.65182,-0.024580529,0.0076308222,118.15286,0.0,0.0,155.02583
0.0,0.0,123.07768,0.0,0.0,150.61823,-0.026831117,0.010692338,121.51338,0.0,0.0,139.65039
0.0,0.0,127.01316,0.0,0.0,163.4617,-0.027501695,1.985359e-13,123.332664,0.0,0.0,169.02844
0.0,0.0,81.72185,0.0,0.0,213.57085,0.0,0.0,76.06349,0.0,0.0,221.90231
-8.124083e-12,-0.00020301106,102.57424,-3.7505346e-11,0.00021468016,167.22429,0.0,-0.00018520352,88.78096,0.0,0.0,209.81812
-2.224325e-11,-3.7558013e-05,108.02097,-3.537915e-11,0.0005560868,173.98912,0.0012546172,-0.0012546161,77.57117,0.0,0.0,205.75748
0.0,0.0,123.607414,0.0,0.0,167.66273,2.6978422e-13,-0.025693363,114.39918,0.0,0.0,167.14737
0.0,0.0,122.20387,0.0,0.0,159.95985,1.3913511e-12,-0.030642424,114.06109,0.0,0.0,164.79901
0.0,0.0,80.43595,0.0,0.0,204.76642,4.8266478e-12,-5.846547e-12,83.04617,0.0,0.0,191.38747
0.0,0.0,124.45374,0.0,0.0,162.86552,2.171093e-12,-0.06376249,116.30306,0.0,0.0,171.26477
0.0,0.0,126.55771,0.0,0.0,166.91904,-0.024658754,1.7657813e-13,125.597855,0.0,0.0,159.29152
0.0,0.0,124.99381,0.0,0.0,159.29816,1.5100035e-12,-0.029538127,116.56465,0.0,0.0,162.64087
0.0,0.0,126.949005,1.3004084e-11,-0.00034238608,158.04425,-0.023175964,0.015241602,112.52217,4.503705e-12,-3.259304e-05,143.36913
0.0,0.0,124.35592,0.0,0.0,156.37546,1.4775301e-12,-0.07246254,117.13378,0.0,0.0,159.9781
0.0,0.0,117.33425,0.0,0.0,158.92352,-0.020827707,4.604399e-12,119.95586,0.0,0.0,138.75063
0.0,0.0,124.83023,0.0,0.0,157.4072,-0.021380419,0.013325041,115.50835,0.0,0.0,134.64018
0.0,0.0,80.56701,0.0,0.0,200.9915,-0.0025303045,0.0025303022,79.239136,0.0,0.0,195.69853
0.0,0.0,125.57742,0.0,0.0,164.02754,-0.025003403,2.7255737e-12,129.62422,0.0,0.0,155.64291
0.0,0.0,120.38425,0.0,0.0,164.41714,8.898825e-12,-0.04582633,118.76324,0.0,0.0,155.25958
-1.219513e-11,-0.0002979806,86.703,1.0109374e-11,2.0214713e-05,188.95361,0.003145519,-0.0031455164,99.56066,1.7548673e-11,0.00038734943,176.6194
0.0,0.0,84.52751,0.0,0.0,197.9706,1.6554247e-12,-1.3034671e-12,73.15764,0.0,0.0,201.71332
0.0,0.0,82.6522,0.0,0.0,201.9896,0.0,0.0,83.72327,0.0,0.0,195.59827
1.2022563e-11,-3.2401964e-05,80.76608,2.809649e-11,0.0006305507,199.79524,0.0008990394,-0.0008990386,78.1873,0.0,0.0,197.80594
0.0,0.0,80.41042,0.0,0.0,197.53847,-0.0032287769,0.0032287743,81.82695,0.0,0.0,196.63377
0.0,0.0,118.67853,0.0,0.0,153.71103,-0.027791314,-2.3646601e-12,135.36589,0.0,0.0,143.89525
0.0,0.0,82.68941,0.0,0.0,199.95145,-0.0050942814,0.0050942767,73.97001,0.0,0.0,205.8895
0.0,0.0,116.04645,-1.5835863e-10,-0.0004782177,165.55724,-0.02227607,0.015957193,121.960945,1.4654425e-11,-1.7873892e-05,148.50964
0.0,0.0,115.63754,0.0,0.0,162.63095,-0.031228479,0.006362194,134.19731,0.0,0.0,160.88239
0.0,0.0,128.52725,0.0,0.0,161.69008,-0.028852884,-2.7258387e-12,117.06951,0.0,0.0,181.49812
0.0,0.0,86.75758,0.0,0.0,190.83264,2.4996083e-10,-2.6958196e-11,74.186646,0.0,0.0,203.97375
0.0,0.0,122.06756,0.0,0.0,140.75621,-0.024020124,0.011832368,126.25896,0.0,0.0,125.50157
0.0,0.0,79.07445,0.0,0.0,197.91414,0.00023147507,-0.00023147487,81.93633,0.0,0.0,200.89659
0.0,0.0,81.35219,0.0,0.0,193.81049,-0.011490026,0.011490016,86.466446,0.0,0.0,193.07715
0.0,0.0,122.06916,0.0,0.0,169.53737,-0.024836304,2.5948545e-12,122.088554,0.0,0.0,164.89288
0.0,0.0,124.35609,0.0,0.0,168.99513,-0.020494957,0.008690999,117.5134,0.0,0.0,157.07886
0.0,0.0,85.47408,0.0,0.0,195.24513,-0.009318496,0.009318489,77.93398,0.0,0.0,194.84814
0.0,0.0,129.48254,0.0,0.0,165.10068,-0.021167008,7.1370167e-13,126.35092,0.0,0.0,160.74832
0.0,0.0,123.599625,0.0,0.0,168.16058,-5.7896965e-13,-0.09182576,117.658936,0.0,0.0,172.39754
0.0,0.0,81.16704,0.0,0.0,210.71062,0.0,-0.0009153052,75.65392,0.0,0.0,213.05475
-2.7961938e-11,-0.00046851335,109.827255,1.692714e-11,-0.00010450819,177.61267,-0.016337095,0.014817597,108.25583,3.481514e-13,0.0002995728,149.3447
0.0,0.0,79.52992,0.0,0.0,207.98895,-0.0035493555,0.003549352,77.311165,0.0,0.0,193.49776
0.0,0.0,76.64674,0.0,0.0,201.23264,0.00029836484,-0.00029836458,85.89881,0.0,0.0,192.52052
0.0,0.0,80.79053,0.0,0.0,202.63716,-3.3544185e-13,0.016774511,86.38463,0.0,0.0,191.60385
0.0,0.0,128.23135,0.0,0.0,156.94868,-2.769584e-12,-0.00021342932,127.866806,0.0,0.0,152.90894
0.0,0.0,123.016594,0.0,0.0,137.14558,-1.659264e-12,2.7183713e-13,127.51115,0.0,0.0,130.14235
0.0,0.0,114.02488,0.0,0.0,179.70529,1.7286466e-12,-0.0007980576,120.786606,0.0,0.0,158.97768
0.0,0.0,123.53385,0.0,0.0,170.36365,1.4530634e-12,-1.6934685e-12,126.89682,0.0,0.0,164.62578
0.0,0.0,74.35259,0.0,0.0,209.43967,5.8051862e-11,-2.4231214e-11,85.009575,0.0,0.0,198.21594
0.0,0.0,117.48341,0.0,0.0,152.63416,-9.991513e-13,8.521558e-13,130.27438,0.0,0.0,133.21985
0.0,0.0,119.41644,2.1462266e-11,-0.00048667256,165.42072,0.0,-0.009637014,119.478516,0.0,0.00044667488,157.55629
0.0,0.0,124.51751,0.0,0.0,171.24521,-1.2499847e-12,9.203054e-13,124.70684,0.0,0.0,167.17638
0.0,0.0,80.48697,0.0,0.0,206.3471,0.0,0.0,79.57012,0.0,0.0,216.16621
-2.8846519e-11,-0.00035941278,90.49305,4.8159327e-11,-4.1491403e-05,193.91615,0.0053380355,-0.005338031,103.35022,2.8375375e-11,0.00050782296,178.28339
0.0,0.0,85.44434,0.0,0.0,195.0177,0.0,0.0,72.89734,0.0,0.0,216.29149
0.0,0.0,115.890236,0.0,0.0,181.10274,-3.9685694e-12,-0.049364395,123.55661,0.0,0.0,160.30493
0.0,0.0,82.4827,0.0,0.0,207.96405,0.0,0.0,74.29699,0.0,0.0,214.23012
0.0,0.0,80.599045,0.0,0.0,208.6435,-0.0074968818,0.0074968757,75.2418,0.0,0.0,202.7855
0.0,0.0,132.79045,0.0,0.0,163.28485,-0.02509564,-4.6938083e-13,116.30103,0.0,0.0,177.30852
0.0,0.0,119.28814,0.0,0.0,178.7095,-2.6098272e-13,-0.05126173,113.717316,0.0,0.0,158.7791
0.0,0.0,125.19127,0.0,0.0,154.63408,1.8895658e-12,-0.05312745,122.66892,0.0,0.0,153.6215
0.0,0.0,82.0397,0.0,0.0,202.89926,0.00048204896,-0.00048204852,69.19615,0.0,0.0,209.018
0.0,0.0,130.65524,0.0,0.0,158.75877,-0.019632742,-3.2562442e-12,116.13965,0.0,0.0,164.25017
4.7320507e-12,-0.00020725475,84.689674,4.9574636e-11,0.00030937843,197.73279,0.0042359186,-0.004235915,74.34777,0.0,0.0,206.28798
0.0,0.0,125.83295,0.0,0.0,157.41803,-7.7464375e-13,-0.059592515,114.05449,0.0,0.0,162.23502
0.0,0.0,124.23807,0.0,0.0,139.90277,-0.016794816,0.00865287,118.646164,0.0,0.0,135.28145
0.0,0.0,78.73397,0.0,0.0,211.77158,5.0388075e-12,-4.724164e-13,71.41092,0.0,0.0,208.15329
0.0,0.0,122.819336,0.0,0.0,170.28395,1.0440292e-12,-0.08364977,116.36818,0.0,0.0,171.27852
0.0,0.0,130.5155,0.0,0.0,147.13042,-0.013786162,0.008267899,118.42499,0.0,0.0,141.01183
0.0,0.0,120.77572,0.0,0.0,174.19452,-3.0381093e-12,-0.104727454,125.85379,0.0,0.0,172.21304
0.0,0.0,126.99701,0.0,0.0,152.67386,2.040576e-12,0.00026430617,105.58117,-6.4126057e-12,3.7298592e-05,154.95178
0.0,0.0,126.40705,0.0,0.0,167.69467,-0.012202663,3.322109e-12,125.19943,0.0,0.0,164.84473
0.0,0.0,120.3445,0.0,0.0,148.53065,1.5763286e-12,-0.03200451,117.08553,0.0,0.0,134.7184
0.0,0.0,83.985306,0.0,0.0,200.81635,8.1206445e-13,-7.0620864e-13,70.43946,0.0,0.0,203.47792
0.0,0.0,81.70462,0.0,0.0,211.31174,0.0,0.0,73.65527,0.0,0.0,219.03421
-1.6234862e-11,-2.9521181e-05,84.90576,0.0,0.0,196.62599,9.099946e-13,-1.00875295e-13,74.8029,0.0,0.0,201.79887
0.0,0.0,125.874374,0.0,0.0,144.95456,6.2952307e-13,-0.09521369,114.47079,0.0,0.0,141.22157
0.0,0.0,122.84377,0.0,0.0,163.02316,-0.011579542,0.005566682,120.80184,0.0,0.0,151.32666
0.0,0.0,118.3281,0.0,0.0,154.20804,-0.0108901495,0.0069777616,126.92697,0.0,0.0,119.60606
2.3492926e-11,-0.0002006352,79.80426,6.3946765e-11,0.00033194633,208.59073,0.0037196623,-0.0037196586,70.73542,0.0,0.0,205.96353
0.0,0.0,113.24126,0.0,0.0,151.16295,-3.2330066e-13,-0.052382965,125.69363,0.0,0.0,130.02028
0.0,0.0,79.139565,0.0,0.0,212.22552,0.0,0.0,79.3818,0.0,0.0,213.82607
0.0,0.0,121.75201,0.0,0.0,169.92827,-0.026586201,0.011831906,127.11801,0.0,0.0,157.57188
0.0,0.0,120.57182,0.0,0.0,178.12158,-1.4488365e-12,-0.044169538,116.13647,0.0,0.0,161.34239
0.0,0.0,126.709755,0.0,0.0,163.05846,1.8560381e-12,-0.06690794,116.72263,0.0,0.0,163.5167
0.0,0.0,82.918655,0.0,0.0,200.73895,0.0,0.0,77.64604,0.0,0.0,207.50984
0.0,0.0,82.12303,0.0,0.0,205.59602,0.0,0.0,82.85124,0.0,0.0,216.94014
0.0,0.0,128.923,0.0,0.0,157.48354,4.8283083e-12,-0.049397476,115.614334,0.0,0.0,165.38815
0.0,0.0,124.94418,0.0,0.0,149.2085,-0.021495355,0.0055769766,125.99808,0.0,0.0,144.17888
0.0,0.0,81.80597,0.0,0.0,202.11784,0.0,0.0,77.79277,0.0,0.0,206.74487
0.0,0.0,124.74368,0.0,0.0,170.21654,1.3685971e-15,-0.054083705,116.76101,0.0,0.0,167.46895
0.0,0.0,83.05442,0.0,0.0,195.80597,0.0,0.0,84.342636,0.0,0.0,199.10297
0.0,0.0,119.22992,0.0,0.0,146.71709,-5.407239e-13,-0.05641287,121.997635,0.0,0.0,129.03563
0.0,0.0,126.36468,0.0,0.0,167.17453,6.4236366e-13,-0.09557969,118.232124,0.0,0.0,164.34145
0.0,0.0,121.27186,0.0,0.0,159.67725,-0.018070364,0.0021315985,119.42898,0.0,0.0,133.8745
0.0,0.0,121.26649,0.0,0.0,154.45319,-1.0793972e-12,-0.10046456,117.471375,0.0,0.0,147.95764
0.0,0.0,78.50275,0.0,0.0,210.59404,0.0,0.0,81.47595,0.0,0.0,215.36378
0.0,0.0,78.72485,0.0,0.0,213.36212,0.0,0.0,73.13093,0.0,0.0,217.2359
0.0,0.0,79.90008,0.0,0.0,206.67647,7.898738e-11,2.9725747e-13,75.39629,0.0,0.0,205.10545
0.0,0.0,79.90459,0.0,0.0,209.13515,3.297447e-13,-3.6580109e-13,67.597115,0.0,0.0,211.04327
0.0,0.0,124.37645,0.0,0.0,171.87305,2.3197666e-12,-0.110649064,120.583336,0.0,0.0,168.7016
0.0,0.0,126.843155,0.0,0.0,162.38232,-0.012005571,1.927456e-12,114.535446,0.0,0.0,168.39984
0.0,0.0,117.592545,0.0,0.0,188.32245,5.4017825e-13,-0.0523382,115.21359,0.0,0.0,157.60892
1.6831977e-11,-5.7291127e-06,85.68275,0.0,0.0,205.18034,1.6746816e-12,-6.420312e-13,65.80362,0.0,0.0,210.5841
0.0,0.0,82.16791,0.0,0.0,201.48637,0.0,0.0,70.53966,0.0,0.0,212.63506
0.0,0.0,122.49675,0.0,0.0,162.44704,-1.7327157e-13,-0.07540295,113.8631,0.0,0.0,159.84488
0.0,0.0,121.81675,0.0,0.0,142.3833,7.868811e-12,-0.004481059,114.14433,-3.5008502e-12,-6.122337e-05,143.06801
0.0,0.0,82.385025,0.0,0.0,196.1924,1.3322047e-12,3.3119354e-13,76.9843,0.0,0.0,193.64597
0.0,0.0,126.97937,0.0,0.0,166.48262,-0.0060947966,3.4330598e-13,124.87874,0.0,0.0,158.23744
0.0,0.0,120.7,0.0,0.0,166.34615,-2.0392579e-12,-0.05268674,115.08801,0.0,0.0,161.58658
0.0,0.0,80.0602,0.0,0.0,202.11557,2.2067969e-11,7.5862846e-14,72.92821,0.0,0.0,207.72989
0.0,0.0,122.078415,0.0,0.0,138.15976,1.3053335e-13,-0.057888597,115.796265,0.0,0.0,137.87769
0.0,0.0,117.811295,0.0,0.0,174.88951,1.9978227e-12,-0.0097728055,116.717155,0.0,0.0,154.75148
0.0,0.0,112.28005,0.0,0.0,160.3647,1.2578523e-12,-0.04809349,122.30693,0.0,0.0,128.18636
0.0,0.0,115.927055,0.0,0.0,173.58208,1.3712442e-12,-0.083015755,121.73928,0.0,0.0,160.72995
0.0,0.0,129.73737,0.0,0.0,153.79881,1.5213151e-12,-0.109590225,112.20476,0.0,0.0,146.81891
0.0,0.0,121.21479,0.0,0.0,165.28801,-9.144497e-13,-0.097665414,119.50576,0.0,0.0,161.66579
1.1905967e-11,-0.0002604064,85.40696,1.3551445e-11,0.00021773778,201.01224,-1.6789746e-13,0.0018557094,77.57573,0.0,0.0,196.9595
0.0,0.0,117.07806,0.0,0.0,176.54784,6.950173e-13,-0.09983461,118.784546,0.0,0.0,164.49739
0.0,0.0,121.5755,0.0,0.0,173.82385,1.5664564e-12,-0.076358534,118.16634,0.0,0.0,157.87077
0.0,0.0,74.65688,0.0,0.0,200.68805,2.554487e-12,-3.8396112e-13,83.010925,0.0,0.0,192.06134
0.0,0.0,123.36579,0.0,0.0,169.23293,-0.013727713,1.0359423e-12,129.04056,0.0,0.0,166.00478
0.0,0.0,129.02603,0.0,0.0,147.96533,-0.00968333,0.0015094444,116.48139,0.0,0.0,156.32555
0.0,0.0,79.93384,0.0,0.0,207.25406,0.0,0.0,67.84638,0.0,0.0,212.65428
0.0,0.0,78.60307,0.0,0.0,203.5531,4.2500816e-12,-9.73517e-13,72.09695,0.0,0.0,202.18599
0.0,0.0,80.812004,0.0,0.0,198.49983,3.6988954e-12,-1.2948589e-13,77.10219,0.0,0.0,198.04108
0.0,0.0,122.57985,0.0,0.0,159.47073,2.2456622e-12,-0.11381343,121.132904,0.0,0.0,150.07684
0.0,0.0,124.194916,0.0,0.0,153.84772,-0.006895603,-2.0836281e-13,116.344955,0.0,0.0,161.40321
0.0,0.0,118.5724,0.0,0.0,169.02927,-6.912006e-12,-0.027985629,117.83511,0.0,0.0,154.49297
0.0,0.0,121.24806,0.0,0.0,144.76102,-4.670261e-12,-0.013234433,113.88605,0.0,0.0,145.29634
0.0,0.0,82.05079,0.0,0.0,200.40295,0.0,0.0,77.44255,0.0,0.0,210.91356
0.0,0.0,126.49606,0.0,0.0,158.926,-0.005754253,0.004127447,109.44536,0.0,0.0,142.99033
0.0,0.0,127.8851,0.0,0.0,169.16669,-0.006025752,-1.6084152e-12,121.69888,0.0,0.0,165.45946
0.0,0.0,118.0848,0.0,0.0,170.21767,-2.803734e-12,-0.028839394,113.92396,0.0,0.0,158.07436
0.0,0.0,123.05465,0.0,0.0,177.27126,-2.8318211e-12,-0.084362835,114.386765,0.0,0.0,168.15796
0.0,0.0,120.71766,0.0,0.0,148.37274,-4.247223e-12,-0.0073499507,119.65217,5.297982e-13,-0.00043740412,136.28476
0.0,0.0,126.844185,0.0,0.0,154.92319,-8.9842906e-13,-0.017949097,107.76978,0.0,0.0,165.6195
0.0,0.0,121.817856,0.0,0.0,168.72688,-0.0014290177,-2.655984e-12,130.00812,0.0,0.0,160.26349
0.0,0.0,122.787674,0.0,0.0,177.1242,3.959856e-12,-0.08909065,120.7856,0.0,0.0,168.71555
0.0,0.0,74.624855,0.0,0.0,206.34872,3.2739436e-12,-4.622954e-13,78.38725,0.0,0.0,200.05415
0.0,0.0,78.76303,0.0,0.0,203.76807,4.0824106e-12,-1.4925912e-12,75.7524,0.0,0.0,208.8696
0.0,0.0,85.316925,0.0,0.0,202.44241,0.0,0.0,74.460014,0.0,0.0,220.98248
0.0,0.0,131.04694,0.0,0.0,135.11197,2.1292e-12,-0.07161401,113.445206,0.0,0.0,140.64253
0.0,0.0,124.42626,0.0,0.0,167.334,-2.5341446e-12,-0.057993926,119.0602,0.0,0.0,165.66862
0.0,0.0,83.4092,0.0,0.0,201.20465,0.0,0.0,73.27043,0.0,0.0,211.1984
0.0,0.0,128.88452,0.0,0.0,154.59697,-0.014275225,0.0027607507,115.59861,0.0,0.0,155.4534
0.0,0.0,83.684074,0.0,0.0,203.32512,0.0,0.0,72.051605,0.0,0.0,208.05472
0.0,0.0,114.3929,0.0,0.0,177.22115,-0.011087932,0.0060181296,125.32302,0.0,0.0,146.79172
0.0,0.0,123.76884,0.0,0.0,172.04903,-0.011590207,3.2700056e-12,124.71618,0.0,0.0,168.5125
0.0,0.0,123.72859,0.0,0.0,147.98395,-9.817628e-13,-0.09552203,115.449745,0.0,0.0,141.7951
0.0,0.0,119.59746,0.0,0.0,149.16357,1.1341977e-12,-0.06818616,118.32168,0.0,0.0,138.90578
0.0,0.0,122.16603,0.0,0.0,145.99263,8.437716e-13,-0.06456816,118.249985,0.0,0.0,139.18622
0.0,0.0,124.26846,0.0,0.0,152.4548,-0.00975192,0.0014346757,118.89538,0.0,0.0,146.68134
2.6673915e-14,-0.0003307765,82.72542,1.16253986e-11,6.892217e-05,198.22488,1.3316365e-12,0.001534528,71.183716,0.0,0.0,206.83363
0.0,0.0,125.88307,0.0,0.0,147.54877,8.766074e-13,-0.060340278,118.96709,0.0,0.0,150.89343
0.0,0.0,84.42628,0.0,0.0,196.57642,4.5033356e-12,5.9569303e-15,72.135574,0.0,0.0,199.21144
0.0,0.0,112.62689,0.0,0.0,154.6444,2.1345942e-13,-0.1219241,129.04819,0.0,0.0,139.72614
0.0,0.0,81.964935,0.0,0.0,199.03424,-5.072663e-13,-1.3006012e-13,71.047226,0.0,0.0,210.01385
0.0,0.0,125.93617,0.0,0.0,159.29099,1.1148426e-12,-0.09974776,112.50226,0.0,0.0,162.71606
0.0,0.0,123.967865,0.0,0.0,150.1449,8.3024847e-13,-0.04501527,118.12248,0.0,0.0,146.2663
0.0,0.0,119.309685,0.0,0.0,167.80875,2.3335513e-12,-0.033609778,116.50115,0.0,0.0,153.87216
0.0,0.0,121.38394,0.0,0.0,144.4253,-0.0034975396,1.4447882e-12,129.89291,0.0,0.0,140.3992
0.0,0.0,80.7407,0.0,0.0,199.67822,2.740429e-12,-1.2535252e-12,76.79149,0.0,0.0,194.49927
0.0,0.0,124.909676,0.0,0.0,166.36981,-0.0038063717,1.2097756e-12,124.97688,0.0,0.0,158.23976
0.0,0.0,83.251274,0.0,0.0,202.97137,1.6565674e-11,-3.9161074e-11,69.40785,0.0,0.0,215.70953
0.0,0.0,119.85045,0.0,0.0,151.00142,-7.175027e-13,-0.049686678,115.891556,0.0,0.0,122.619774
0.0,0.0,77.99836,0.0,0.0,205.51256,6.698195e-12,-1.0802164e-12,80.69414,0.0,0.0,188.18857
-3.7242393e-13,-0.00030930486,75.33977,1.9227578e-11,2.465316e-05,204.83458,-4.111894e-12,0.0018539461,81.28246,0.0,0.0,218.52623
0.0,0.0,113.948364,0.0,0.0,145.5861,-4.867576e-12,-0.043104436,121.90935,0.0,0.0,113.26396
0.0,0.0,120.73509,0.0,0.0,172.73863,1.837049e-12,-0.08213057,122.030594,0.0,0.0,167.66632
0.0,0.0,82.72713,0.0,0.0,200.51491,4.749794e-12,-3.2642752e-13,67.23314,0.0,0.0,205.08487
0.0,0.0,120.99269,0.0,0.0,177.72728,1.7973935e-12,-0.07969695,125.05054,0.0,0.0,176.44348
0.0,0.0,124.11576,0.0,0.0,145.32198,3.306646e-13,-0.008471018,111.79408,-2.4929757e-12,-0.00045618624,140.38216
0.0,0.0,123.4798,0.0,0.0,166.65352,-1.2345932e-13,-0.10014181,123.020294,0.0,0.0,160.15851
0.0,0.0,80.14497,0.0,0.0,205.89426,0.0,0.0,76.96286,0.0,0.0,197.11021
0.0,0.0,119.37585,0.0,0.0,166.11432,-0.011026207,0.0015681891,127.18735,0.0,0.0,149.19537
0.0,0.0,125.82269,0.0,0.0,141.99913,-0.009423644,0.006950882,112.4549,0.0,0.0,135.10269
0.0,0.0,83.593796,0.0,0.0,205.50153,0.0,0.0,66.64356,0.0,0.0,216.49812
0.0,0.0,125.70434,0.0,0.0,166.11855,-0.0068552988,5.048337e-13,123.62578,0.0,0.0,163.75882
0.0,0.0,124.41163,0.0,0.0,167.59818,-0.0064249346,1.0201338e-13,116.47152,0.0,0.0,166.41882
0.0,0.0,82.870224,0.0,0.0,199.73788,3.0484167e-11,-1.1843653e-12,70.23055,0.0,0.0,210.97284
0.0,0.0,126.896835,0.0,0.0,140.79999,-3.89429e-12,-0.0014484347,108.877106,-1.9219836e-11,0.0002661833,151.9442
0.0,0.0,119.00412,0.0,0.0,151.92357,8.837519e-13,-0.03412208,117.53201,0.0,0.0,137.48152
0.0,0.0,85.97647,0.0,0.0,198.05402,1.07349206e-10,-2.7786624e-11,73.51935,0.0,0.0,211.58344
0.0,0.0,85.39705,0.0,0.0,193.97249,1.7255863e-11,-2.4741217e-13,74.41936,0.0,0.0,200.9417
0.0,0.0,134.03494,0.0,0.0,153.03412,0.00010327658,-2.480963e-12,122.1857,0.0,0.0,163.64333
0.0,0.0,115.20878,0.0,0.0,161.543,7.605305e-13,6.1465384e-13,135.9432,0.0,0.0,140.08212
0.0,0.0,111.91832,0.0,0.0,155.52867,7.2471293e-13,-0.06268895,122.67467,0.0,0.0,125.327194
0.0,0.0,79.82087,0.0,0.0,203.09541,-5.61227e-13,-3.3911402e-13,70.42573,0.0,0.0,204.56694
0.0,0.0,118.7183,0.0,0.0,169.48769,-2.5258285e-12,-0.05143026,113.86306,0.0,0.0,153.04619
0.0,0.0,125.307915,0.0,0.0,164.9255,2.426965e-12,-0.08628167,115.736176,0.0,0.0,165.24307
0.0,0.0,83.54399,0.0,0.0,199.47437,2.5611232e-12,-1.810881e-12,67.169174,0.0,0.0,204.7439
0.0,0.0,81.710724,0.0,0.0,201.39326,4.1698836e-12,-1.020763e-12,74.46318,0.0,0.0,204.02036
0.0,0.0,125.248566,0.0,0.0,154.12865,-8.91668e-13,-0.014965065,117.80479,0.0,0.0,143.21477
-2.5805667e-11,-0.00020085205,84.854996,4.962558e-11,0.00042583147,197.78029,-3.4263586e-13,2.2230458e-14,74.69145,0.0,0.0,209.4613
0.0,0.0,85.64598,0.0,0.0,203.91711,0.0,0.0,70.09862,0.0,0.0,222.58563
0.0,0.0,83.37685,0.0,0.0,197.3169,3.5452455e-12,-2.065373e-12,75.948395,0.0,0.0,199.61577
0.0,0.0,128.76799,0.0,0.0,161.76546,-0.00026619036,9.179695e-13,118.091545,0.0,0.0,163.08058
0.0,0.0,118.38507,0.0,0.0,178.24918,-3.1771766e-12,-0.0920293,125.197914,0.0,0.0,161.02678
0.0,0.0,124.756325,0.0,0.0,152.79245,-2.2297536e-14,-0.010884551,114.63783,0.0,0.0,144.6978
0.0,0.0,120.654724,0.0,0.0,166.31198,-3.4754018e-12,-0.08992226,123.16118,0.0,0.0,156.89395
1.1237335e-11,0.0002622752,80.05074,0.0,0.0,204.79631,4.34161e-12,-1.4414195e-12,70.17825,0.0,0.0,214.38278
0.0,0.0,118.67867,0.0,0.0,163.82082,3.1695373e-12,-0.047332715,121.74289,0.0,0.0,168.91147
0.0,0.0,112.48665,0.0,0.0,163.57506,-1.5519519e-13,-0.0914866,128.58643,0.0,0.0,137.74387
0.0,0.0,122.04814,0.0,0.0,170.6192,3.677272e-12,-0.045360595,120.17455,0.0,0.0,162.08221
0.0,0.0,126.29227,0.0,0.0,156.09023,0.0005925649,0.0029873264,116.1095,0.0,0.0,149.6884
0.0,0.0,125.96953,0.0,0.0,151.86566,0.0011358012,0.004579537,118.00267,0.0,0.0,142.7308
0.0,0.0,127.33193,0.0,0.0,150.3945,2.7728466e-12,-0.021360626,110.58591,0.0,0.0,150.2132
0.0,0.0,81.53844,0.0,0.0,204.64734,0.0,0.0,73.65859,0.0,0.0,217.94183
0.0,0.0,119.87529,0.0,0.0,157.2542,0.00054332725,0.012421212,124.67586,7.462257e-12,2.465624e-05,141.82668
0.0,0.0,121.7168,0.0,0.0,168.41824,-2.6703216e-12,-0.11569856,117.78675,0.0,0.0,167.59323
0.0,0.0,127.40246,0.0,0.0,164.32849,0.00082578114,-2.2193857e-12,124.74862,0.0,0.0,160.07468
0.0,0.0,129.06145,0.0,0.0,164.70993,0.00014994679,-6.533374e-13,118.26859,0.0,0.0,167.49783
0.0,0.0,115.58548,0.0,0.0,176.89471,2.9791861e-12,-0.0381642,126.83876,0.0,0.0,156.77176
0.0,0.0,124.906,0.0,0.0,150.32318,-7.440996e-15,-0.005548512,114.67102,-3.9834247e-12,-0.0003108899,145.2988
0.0,0.0,132.01436,0.0,0.0,144.01918,2.436468e-12,1.8243922e-12,112.77313,0.0,0.0,151.57243
0.0,0.0,128.65451,0.0,0.0,154.14507,2.6855685e-13,0.008006509,117.75525,0.0,0.0,145.23172
0.0,0.0,86.01758,0.0,0.0,200.9899,0.0,0.0,70.2234,0.0,0.0,219.71521
0.0,0.0,115.72433,0.0,0.0,160.32733,2.6089153e-12,1.6987037e-12,138.26392,0.0,0.0,133.3236
0.0,0.0,80.86895,0.0,0.0,208.68323,3.686481e-12,-8.8546656e-13,70.91694,0.0,0.0,202.85867
0.0,0.0,121.71859,0.0,0.0,164.92546,9.958653e-13,-0.09541741,126.08154,0.0,0.0,164.59244
0.0,0.0,81.94268,0.0,0.0,200.71484,0.0,0.0,81.95938,0.0,0.0,208.21457
0.0,0.0,115.594696,0.0,0.0,156.53961,-0.004395202,-1.9119745e-12,129.87672,0.0,0.0,139.75214
0.0,0.0,84.40959,0.0,0.0,202.88397,0.0,0.0,70.805534,0.0,0.0,216.88133
0.0,0.0,120.28182,0.0,0.0,163.1024,2.9562511e-12,-0.032698434,121.290215,0.0,0.0,140.4024
0.0,0.0,123.02687,0.0,0.0,167.08173,-2.484192e-12,-0.010202697,112.23329,0.0,0.0,143.89316
0.0,0.0,120.52313,0.0,0.0,144.69102,-4.8661205e-13,-0.0036127842,112.14954,9.6166035e-12,3.6697405e-05,144.43005
0.0,0.0,82.346344,0.0,0.0,198.6637,1.536154e-11,-9.580582e-13,69.84861,0.0,0.0,198.31696
0.0,0.0,124.4426,0.0,0.0,158.74278,5.7945393e-12,-0.056846872,127.093994,0.0,0.0,161.99185
0.0,0.0,123.406334,0.0,0.0,142.52809,2.3135348e-12,-0.028435882,113.14284,0.0,0.0,143.38559
0.0,0.0,115.50322,0.0,0.0,151.81267,-1.5852425e-13,-0.057386868,122.179375,0.0,0.0,127.68892
0.0,0.0,81.40959,0.0,0.0,202.78229,1.8900333e-11,-8.6977886e-13,78.65883,0.0,0.0,201.34824
0.0,-6.276884e-05,71.11749,0.0,0.0,214.76793,1.3357603e-12,-1.642073e-13,80.14778,0.0,0.0,197.76552
0.0,0.0,119.052414,0.0,0.0,163.83698,5.2714404e-12,-0.0072855037,118.85009,-3.3160034e-11,-0.00034616335,164.87561
0.0,0.0,86.29131,0.0,0.0,195.51334,5.928518e-12,-5.422679e-13,76.47209,0.0,0.0,199.19365
1.5457656e-11,0.00021305622,82.123566,0.0,0.0,206.79405,2.3486898e-12,6.789949e-14,68.82892,0.0,0.0,205.69893
0.0,0.0,124.50874,0.0,0.0,167.15546,2.0419796e-12,-0.11433174,121.39134,0.0,0.0,165.3302
0.0,0.0,80.44302,0.0,0.0,202.92627,6.914222e-12,-1.5892322e-12,81.70271,0.0,0.0,195.16707
0.0,0.0,80.10039,0.0,0.0,205.22354,6.527112e-13,-2.9108022e-12,82.33632,0.0,0.0,196.06836
0.0,0.0,78.78979,0.0,0.0,195.68881,1.6670221e-12,-2.309017e-13,76.94198,0.0,0.0,195.37703
0.0,0.0,79.58588,0.0,0.0,202.18843,4.66175e-13,-1.0102387e-13,82.62506,0.0,0.0,191.8924
-2.5063963e-11,-0.00024431126,98.75226,-3.112577e-12,0.00035857596,187.5069,1.2670068e-12,-1.9231097e-14,82.079,0.0,0.0,192.67378
0.0,0.0,76.49717,0.0,0.0,208.76024,0.0,0.0,71.833626,0.0,0.0,213.72318
6.7094115e-11,-0.00030324666,94.0921,-1.3552129e-10,0.000242564,185.085,2.2026476e-12,-4.933978e-13,86.88342,0.0,0.0,192.15231
-2.4541747e-11,-0.00022633975,78.35773,1.3628905e-11,0.00030800636,198.5516,0.0,0.0038759399,91.502655,0.0,0.0,197.07162
0.0,0.0,77.87854,0.0,0.0,203.98224,1.2065586e-13,-4.6837176e-13,76.50471,0.0,0.0,204.90279
0.0,0.0,126.55945,0.0,0.0,158.99396,8.827001e-12,-0.05843174,120.37487,0.0,0.0,166.8407
0.0,0.0,121.844345,0.0,0.0,154.73123,-0.010687474,0.00048591333,126.60242,0.0,0.0,142.78906
0.0,0.0,112.942,0.0,0.0,175.79028,-0.011135183,0.0042843316,126.86246,0.0,0.0,144.09802
0.0,0.0,123.086395,0.0,0.0,167.05305,-2.3458882e-12,-0.087629154,118.153244,0.0,0.0,169.51373
0.0,0.0,82.88083,0.0,0.0,199.7064,0.0,0.0,79.691055,0.0,0.0,196.06819
0.0,0.0,85.05459,0.0,0.0,199.63579,0.0,0.0,75.99308,0.0,0.0,211.5709
0.0,0.0,87.40963,0.0,0.0,200.71486,0.0,0.0,67.289986,0.0,0.0,220.01808
0.0,0.0,122.81879,0.0,0.0,161.63118,1.0676863e-12,-0.09922571,120.649826,0.0,0.0,156.0871
1.4082983e-11,0.00013762183,84.35347,0.0,0.0,197.48384,-3.6407777e-13,-4.276506e-15,75.57784,0.0,0.0,199.28958
0.0,0.0,115.45776,0.0,0.0,186.83038,3.5975164e-12,-0.05482593,121.96804,0.0,0.0,155.30878
0.0,0.0,117.411354,0.0,0.0,163.44333,2.6498014e-12,-0.015298046,119.92984,0.0,0.0,166.21854
0.0,0.0,80.33024,0.0,0.0,199.96307,6.003268e-12,-1.1570627e-12,84.90874,0.0,0.0,192.63647
0.0,0.0,79.7784,0.0,0.0,209.72704,0.0,0.0,72.83966,0.0,0.0,221.80052
0.0,0.0,90.35501,0.0,0.0,199.33977,0.0,0.0,66.75986,0.0,0.0,225.92288
0.0,0.0,85.38304,0.0,0.0,196.54039,7.270723e-12,-1.5713597e-12,70.05629,0.0,0.0,208.31952
0.0,0.0,87.08281,0.0,0.0,200.27489,0.0,0.0,68.315346,0.0,0.0,223.0715
0.0,0.0,135.93692,0.0,0.0,143.8491,0.0,0.0,120.85186,0.0,0.00076065474,163.92181
0.0,0.0,129.59932,0.0,0.0,157.05603,-2.0144659e-12,-0.092350625,120.048294,0.0,0.0,164.62552
0.0,0.0,130.09445,0.0,0.0,158.16583,2.2703321e-13,2.515633e-13,123.22612,0.0,0.0,160.60062
0.0,0.0,126.93503,0.0,0.0,158.19778,6.2670653e-13,3.0697013e-13,122.31186,0.0,0.0,163.76222
0.0,0.0,129.55606,0.0,0.0,159.97284,1.3642859e-12,3.1739192e-13,122.98522,0.0,0.0,170.0637
0.0,0.0,83.97334,0.0,0.0,199.87099,0.0,0.0,75.43474,0.0,0.0,209.33043
0.0,0.0,76.704346,0.0,0.0,214.5114,0.0,0.0,80.531624,0.0,0.0,218.00201
0.0,0.0,77.36045,0.0,0.0,202.28897,9.183118e-12,5.1391503e-13,84.01452,0.0,0.0,185.95824
0.0,0.0,122.4329,0.0,0.0,152.32312,0.0,0.011733008,124.28661,0.0,0.0009371106,159.26353
0.0,0.0,121.25045,0.0,0.0,157.76163,-0.013200621,0.011703814,121.869446,0.0,0.0,146.28958
0.0,0.0,122.48124,0.0,0.0,160.48111,1.8418622e-12,-0.033438694,109.51381,0.0,0.0,151.87758
0.0,0.0,128.28992,0.0,0.0,153.10677,-2.2348048e-12,-0.06957429,115.041916,0.0,0.0,156.79968
0.0,0.0,125.93247,0.0,0.0,163.142,-0.008524797,-5.341976e-13,118.22481,0.0,0.0,157.28326
0.0,0.0,127.5602,0.0,0.0,152.8344,2.0495168e-12,-0.016618611,115.94054,0.0,0.0,148.05472
0.0,0.0,126.64116,0.0,0.0,161.09178,1.0432682e-12,-0.120146975,116.3823,0.0,0.0,164.46098
0.0,0.0,123.897415,0.0,0.0,163.63823,1.8301723e-13,-0.099426575,121.48802,0.0,0.0,158.0854
0.0,0.0,82.29808,0.0,0.0,206.22728,0.0,0.0,84.33094,0.0,0.0,195.2742
0.0,0.0,79.04022,0.0,0.0,212.14546,3.3142553e-12,-7.6260916e-13,67.613434,0.0,0.0,207.0089
0.0,0.0,115.485825,0.0,0.0,147.26118,3.7188954e-12,-0.004426989,121.222595,-6.742742e-12,6.915264e-05,129.27771
0.0,0.0,122.25666,0.0,0.0,174.92773,5.733688e-13,-0.12243919,124.65679,0.0,0.0,172.24129
0.0,0.0,79.83267,0.0,0.0,205.20767,4.762528e-12,-9.14276e-13,66.5165,0.0,0.0,209.50531
0.0,0.0,84.28265,0.0,0.0,199.35028,-9.5396226e-12,-7.679949e-13,79.95825,0.0,0.0,201.52829
0.0,0.0,80.23319,0.0,0.0,205.96735,0.0,0.0,75.94929,0.0,0.0,215.23883
0.0,0.0,125.36317,0.0,0.0,157.37784,-2.7909137e-13,-0.08449225,116.93669,0.0,0.0,162.1569
0.0,0.0,81.826485,0.0,0.0,204.45662,0.0,0.0,70.36275,0.0,0.0,216.30783
2.1382906e-11,-0.0004049137,100.593506,-3.477934e-11,0.000102406164,178.0856,5.662576e-13,-9.8809144e-14,74.00565,0.0,0.0,196.21875
-7.781745e-12,-3.655512e-05,80.39779,0.0,0.0,195.74072,2.2237324e-13,-5.366975e-13,77.49216,0.0,0.0,199.50386
0.0,0.0,84.936615,0.0,0.0,197.6059,6.516584e-12,-5.935939e-14,73.438576,0.0,0.0,205.90726
0.0,0.0,119.514656,0.0,0.0,170.51495,2.5816025e-12,1.4276454e-12,124.09367,0.0,0.0,153.49841
0.0,0.0,122.2462,0.0,0.0,175.48523,3.0843996e-13,3.862825e-13,121.32134,0.0,0.0,160.25775
0.0,0.0,81.50163,0.0,0.0,206.5213,0.0,0.0,67.492966,0.0,0.0,220.58058
0.0,0.0,116.17288,0.0,0.0,171.79059,6.691353e-13,2.0718733e-12,126.85469,0.0,0.0,149.47794
1.2685548e-11,-3.5494188e-05,75.83396,0.0,0.0,206.55014,3.3133565e-12,-8.322105e-13,79.71973,0.0,0.0,196.79086
0.0,0.0,118.578,-3.1135677e-11,-0.00045793466,163.84302,0.00049099664,-0.00049099623,107.292984,4.760415e-11,0.00047679947,165.83315
0.0,0.0,124.40384,0.0,0.0,156.80498,1.5867405e-13,-0.0060900482,108.84399,1.9670472e-11,-0.0003184866,156.68324
0.0,0.0,123.171005,0.0,0.0,160.69855,-3.9222477e-13,-0.11024764,120.742485,0.0,0.0,154.55833
0.0,0.0,83.046936,0.0,0.0,200.00471,1.1321213e-11,-2.1525782e-12,84.30299,0.0,0.0,190.40877
0.0,0.0,81.69939,0.0,0.0,202.83516,0.0,0.0,84.633255,0.0,0.0,195.60591
0.0,0.0,120.72379,0.0,0.0,165.80437,-1.0680574e-12,-0.028655447,124.47697,0.0,0.0,157.40219
0.0,0.0,77.73661,0.0,0.0,208.89664,7.14526e-12,-9.479904e-13,72.888954,0.0,0.0,203.89859
7.705589e-12,-0.00047782026,105.08976,-1.4101806e-12,-1.16518695e-05,174.25977,-0.0018362311,0.0018362295,83.28919,0.0,0.0,196.55585
0.0,0.0,124.82524,0.0,0.0,148.19914,-3.701232e-12,-0.03840241,118.6805,0.0,0.0,133.04582
0.0,0.0,81.52892,0.0,0.0,201.88293,-1.794868e-12,2.5712156e-12,77.583954,0.0,0.0,202.92448
0.0,0.0,74.40826,0.0,0.0,210.45769,0.0,0.0,77.455605,0.0,0.0,213.03703
-8.417305e-12,0.0002443226,78.07684,0.0,0.0,222.37505,2.4693945e-12,-2.3467144e-13,74.29376,0.0,0.0,213.7702
0.0,0.0,111.93108,0.0,0.0,188.93434,3.3998837e-12,-0.044369496,127.83801,0.0,0.0,149.45372
0.0,0.0,77.74133,0.0,0.0,207.55144,7.1062193e-12,-2.9652985e-11,84.380325,0.0,0.0,194.11435
0.0,0.0,116.1787,0.0,0.0,181.98398,2.7256108e-13,-0.07821703,124.70917,0.0,0.0,157.0894
0.0,0.0,83.30044,0.0,0.0,199.95175,3.3664243e-12,-1.1354395e-12,73.86421,0.0,0.0,202.7607
0.0,0.0,77.757706,0.0,0.0,209.85939,0.0,0.0,85.823715,0.0,0.0,206.49034
0.0,0.0,121.51867,0.0,0.0,153.32742,3.3038537e-12,-0.04157708,110.61012,0.0,0.0,146.19536
0.0,0.0,85.40119,0.0,0.0,197.84935,3.2552973e-12,-7.531634e-13,75.23864,0.0,0.0,203.02786
0.0,0.0,82.14211,0.0,0.0,200.85315,1.732455e-11,2.9348433e-12,82.256325,0.0,0.0,196.46902
0.0,0.0,81.61995,0.0,0.0,196.65973,1.6621384e-12,-1.371851e-12,79.693924,0.0,0.0,192.77017
0.0,0.0,131.51613,0.0,0.0,160.4418,-9.901154e-13,-4.7100176e-13,123.714745,0.0,0.0,167.90387
0.0,0.0,123.08684,0.0,0.0,164.52097,2.0651115e-12,-8.4373596e-14,125.77205,0.0,0.0,159.3295
1.2233579e-11,4.440436e-05,79.05875,0.0,0.0,201.2055,3.7522147e-12,-1.0135358e-12,71.20948,0.0,0.0,201.38771
0.0,0.0,117.81238,0.0,0.0,176.2748,2.8369702e-12,1.6910617e-12,125.48793,0.0,0.0,158.39455
0.0,0.0,81.94251,0.0,0.0,201.74121,7.870972e-12,-1.5608196e-13,75.33817,0.0,0.0,205.6752
6.813819e-11,0.00024436583,80.14552,0.0,0.0,199.88075,9.156567e-13,-6.2302355e-13,71.718666,0.0,0.0,201.1388
0.0,0.0,121.68207,0.0,0.0,159.3834,9.876058e-13,-0.027243802,119.5574,0.0,0.0,156.88882
0.0,0.0,124.12037,0.0,0.0,175.75946,1.7214798e-12,8.916892e-13,115.071365,0.0,0.0,158.71367
0.0,0.0,80.121376,0.0,0.0,212.67822,4.293635e-12,-9.457918e-13,73.65432,0.0,0.0,210.66263
0.0,0.0,122.24138,0.0,0.0,171.49045,3.660365e-12,5.545425e-13,122.47957,0.0,0.0,157.25735
0.0,0.0,123.13453,0.0,0.0,157.17998,-2.2706218e-12,9.0341525e-13,121.06556,0.0,0.0,144.40814
0.0,0.0,120.66669,0.0,0.0,176.827,-5.58411e-13,-6.3016805e-14,124.20854,0.0,0.0,161.95808
0.0,0.0,130.40076,0.0,0.0,168.90225,1.0727701e-12,6.2609314e-13,124.937,0.0,0.0,169.00175
0.0,0.0,84.12033,0.0,0.0,205.76273,0.0,0.0,72.851845,0.0,0.0,226.95204
0.0,0.0,128.48944,0.0,0.0,166.4792,1.2102169e-12,-9.871053e-13,133.12512,0.0,0.0,165.98178
0.0,0.0,122.77884,0.0,0.0,163.15071,0.0,0.0,119.961914,0.0,0.00020017629,164.49379
0.0,0.0,84.072556,0.0,0.0,200.21451,-8.117351e-12,5.773103e-14,80.34747,0.0,0.0,200.01398
0.0,0.0,83.33592,0.0,0.0,200.41599,0.0,0.0,73.855194,0.0,0.0,210.85611
0.0,0.0,119.25165,0.0,0.0,150.01306,2.1831055e-12,1.6075797e-12,122.27978,0.0,0.0,130.74272
0.0,0.0,115.56016,0.0,0.0,164.34691,-9.053586e-13,-0.0065007787,121.267334,1.7923356e-11,-0.00037518764,141.69582
0.0,0.0,80.10118,0.0,0.0,220.15216,0.0,0.0,71.06142,0.0,0.0,223.51198
0.0,0.0,80.79765,0.0,0.0,204.58144,0.0,0.0,74.838326,0.0,0.0,202.84842
0.0,0.0,120.92354,0.0,0.0,135.12552,-7.678922e-13,-0.045654584,118.33449,0.0,0.0,130.63913
0.0,0.0,84.020454,0.0,0.0,200.79497,-4.941287e-13,-5.1348536e-13,63.660393,0.0,0.0,210.1336
0.0,0.0,123.10676,0.0,0.0,162.29474,-6.737884e-13,-0.12186278,125.80822,0.0,0.0,164.15408
0.0,0.0,83.69561,0.0,0.0,199.50102,2.1063897e-12,-1.2335187e-12,84.42813,0.0,0.0,193.06732
0.0,0.0,126.22047,0.0,0.0,166.34412,-0.00036686167,-3.5830462e-12,118.3663,0.0,0.0,160.50436
0.0,0.0,75.41869,0.0,0.0,211.23907,-2.7188064e-13,-1.1881263e-12,77.54361,0.0,0.0,201.16951
0.0,0.0,119.18598,0.0,0.0,161.27325,4.031963e-12,-0.041409206,121.87694,0.0,0.0,166.39862
0.0,0.0,128.29276,0.0,0.0,170.31488,-0.0002059183,-1.5430268e-12,121.808,0.0,0.0,166.65193
0.0,0.0,82.094185,0.0,0.0,204.59378,0.0,0.0,70.00571,0.0,0.0,216.7055
0.0,0.0,126.86273,0.0,0.0,170.15872,0.00029631704,1.3159629e-12,131.47768,0.0,0.0,165.74332
0.0,0.0,122.78279,0.0,0.0,162.01079,-1.0961516e-12,-0.1116111,110.439384,0.0,0.0,163.17415
0.0,0.0,115.87174,0.0,0.0,171.5169,-7.3608003e-13,-0.09605439,126.690254,0.0,0.0,159.84322
0.0,0.0,85.11367,0.0,0.0,202.09729,0.0,0.0,68.31558,0.0,0.0,218.80289
0.0,0.0,116.91796,0.0,0.0,175.936,3.3837232e-12,1.3471319e-12,123.38874,0.0,0.0,154.02502
0.0,0.0,123.76995,0.0,0.0,159.20639,-3.1510818e-13,8.418639e-14,121.53469,0.0,0.0,144.02808
0.0,0.0,125.15514,0.0,0.0,159.8541,-2.471428e-12,0.0049889064,116.8726,0.0,0.0,143.7904
0.0,0.0,127.79741,0.0,0.0,163.51666,1.6072923e-12,1.1417733e-12,126.70129,0.0,0.0,170.90125
0.0,0.0,84.859146,0.0,0.0,201.92068,0.0,0.0,84.04466,0.0,0.0,197.71759
0.0,0.0,123.66764,0.0,0.0,167.77283,-0.00010726505,3.1744632e-13,126.91272,0.0,0.0,166.2702
0.0,0.0,79.316696,0.0,0.0,206.87006,2.0339817e-11,-1.1770827e-11,76.09026,0.0,0.0,201.84866
0.0,0.0,127.158905,0.0,0.0,153.91348,2.6617035e-12,0.0122175,112.36284,-6.5681266e-13,0.0003250452,144.67998
0.0,0.0,124.064476,0.0,0.0,166.04034,2.1563185e-12,-0.077186145,126.089775,0.0,0.0,159.2621
-3.7422676e-11,-5.8551817e-05,91.216446,0.0,0.0,193.04651,7.410515e-12,-2.9529326e-12,74.37587,0.0,0.0,209.5301
4.0005343e-12,-0.00050031295,98.19533,-4.786916e-11,-8.581278e-05,183.339,0.0,0.0006607442,88.79323,0.0,0.0,209.97342
0.0,0.0,117.09204,0.0,0.0,145.98749,0.0011534034,-0.0011534024,115.35346,4.0557994e-11,0.00019985714,150.95857
0.0,0.0,89.56294,0.0,0.0,198.69757,0.0,0.0,68.23019,0.0,0.0,222.28998
0.0,0.0,126.4328,0.0,0.0,147.89613,-4.9133484e-12,0.008832194,127.93663,0.0,0.0,129.39867
0.0,0.0,123.04552,0.0,0.0,161.75691,0.0006364838,-7.802976e-13,122.13876,0.0,0.0,164.41653
0.0,0.0,125.81067,0.0,0.0,150.86905,-4.2923298e-13,-0.0007246307,115.81093,0.0,0.0,149.17322
0.0,0.0,130.89087,0.0,0.0,155.76988,6.1083495e-13,2.0797621e-13,123.928535,0.0,0.0,161.16133
0.0,0.0,128.62465,0.0,0.0,157.23978,-5.7381454e-13,-5.788527e-13,122.79555,0.0,0.0,163.13678
0.0,0.0,87.6004,0.0,0.0,200.08765,0.0,0.0,66.416275,0.0,0.0,219.8301
4.2228417e-12,0.00022769772,84.291145,0.0,0.0,195.96289,3.518918e-13,-9.05439e-13,76.81775,0.0,0.0,195.6852
0.0,0.0,124.18935,0.0,0.0,161.35469,2.3109297e-12,7.455372e-13,125.15216,0.0,0.0,155.01727
0.0,0.0,86.36532,0.0,0.0,201.12663,3.3423132e-12,-5.5840526e-13,69.633286,0.0,0.0,208.29985
0.0,0.0,84.27512,0.0,0.0,204.07137,0.0,0.0,69.204506,0.0,0.0,222.72523
0.0,0.0,123.67035,0.0,0.0,169.91394,-2.2577558e-12,-0.08966629,119.607025,0.0,0.0,170.31747
0.0,0.0,82.57781,0.0,0.0,201.01846,3.183957e-11,-7.902314e-12,80.752,0.0,0.0,196.02638
0.0,0.0,85.5149,0.0,0.0,198.99818,0.0,0.0,81.62004,0.0,0.0,198.1022
0.0,0.0,127.34142,0.0,0.0,164.82684,1.0908891e-12,6.10869e-13,130.00873,0.0,0.0,157.41449
0.0,0.0,121.663345,0.0,0.0,138.34554,-2.6774078e-12,0.010443207,121.728676,4.2962682e-13,-0.0001880115,137.83476
0.0,0.0,80.6897,0.0,0.0,203.1206,6.0701713e-12,2.1566579e-12,82.76683,0.0,0.0,194.14583
0.0,0.0,126.85742,0.0,0.0,137.62175,6.565022e-13,2.8826656e-13,115.833694,0.0,0.0,136.37183
0.0,0.0,79.61517,0.0,0.0,203.72845,-1.1967046e-11,2.5962739e-12,85.090866,0.0,0.0,185.78325
0.0,0.0,124.10132,0.0,0.0,142.95358,1.1256262e-12,2.6821397e-13,120.729935,0.0,0.0,137.31947
0.0,0.0,85.07645,0.0,0.0,198.52246,0.0,0.0,71.617165,0.0,0.0,210.18813
0.0,0.0,131.40707,0.0,0.0,159.44592,-6.0890637e-13,6.1091464e-13,122.79464,0.0,0.0,171.36987
0.0,0.0,80.91333,0.0,0.0,203.25476,0.0,0.0,74.57315,0.0,0.0,209.58482
0.0,0.0,83.22205,0.0,0.0,202.96481,0.0,0.0,72.1969,0.0,0.0,217.82373
0.0,0.0,127.34727,0.0,0.0,156.40312,-4.6196277e-13,0.011041826,120.04844,-1.2852481e-12,-6.8780064e-05,146.94963
0.0,0.0,122.7589,0.0,0.0,151.85197,0.000624382,0.0066010263,118.09117,0.0,0.0,141.15663
6.6782144e-12,9.033136e-05,83.39271,0.0,0.0,199.52472,8.1154755e-13,-7.891339e-13,81.93356,0.0,0.0,198.48955
0.0,0.0,81.95716,0.0,0.0,204.8269,5.32305e-13,-2.5999737e-13,71.30755,0.0,0.0,211.78215
0.0,0.0,89.92067,0.0,0.0,196.5635,0.0,0.0,67.01056,0.0,0.0,222.75769
0.0,0.0,118.17712,0.0,0.0,148.47568,-3.1097533e-12,-0.023472264,124.60755,0.0,0.0,124.87377
0.0,0.0,121.52488,0.0,0.0,149.04005,-3.5384315e-12,0.007516536,117.2632,0.0,0.0,143.14105
0.0,0.0,125.50012,0.0,0.0,151.58553,1.0249106e-12,1.0392013e-12,119.71861,0.0,0.0,145.81369
0.0,0.0,118.3378,0.0,0.0,140.88515,1.5930312e-12,5.924076e-13,122.1765,0.0,0.0,129.44395
0.0,0.0,83.02158,0.0,0.0,198.95172,3.4144673e-13,3.5318607e-13,74.33331,0.0,0.0,203.16507
0.0,0.0,128.92801,0.0,0.0,163.11394,-1.1835524e-12,-4.6767093e-13,126.36203,0.0,0.0,159.90356
0.0,0.0,84.76601,0.0,0.0,199.82033,0.0,0.0,78.63406,0.0,0.0,202.64359
0.0,0.0,82.80051,0.0,0.0,199.1618,1.938855e-11,-3.5737452e-12,78.330376,0.0,0.0,198.58444
0.0,0.0,125.13541,0.0,0.0,165.86562,-5.5442863e-13,7.0779255e-13,131.12166,0.0,0.0,153.9985
0.0,0.0,134.99216,0.0,0.0,147.87955,4.845325e-12,2.285318e-13,118.106606,0.0,0.0,169.51622
0.0,0.0,82.6727,0.0,0.0,201.60718,0.0,0.0,69.88506,0.0,0.0,215.77757
0.0,0.0,117.871315,0.0,0.0,179.31221,6.5852727e-13,5.7998354e-13,128.4728,0.0,0.0,156.53943
0.0,0.0,118.309586,0.0,0.0,162.58206,0.0,0.0,127.97919,0.0,0.0,151.28267
0.0,0.0,115.81864,0.0,0.0,155.66743,8.8963727e-13,0.003795931,121.60405,0.0,0.0,120.15931
0.0,0.0,85.64724,0.0,0.0,202.77692,0.0,0.0,68.1642,0.0,0.0,223.77756
0.0,0.0,82.1338,0.0,0.0,199.598,3.0376313e-12,-4.2912305e-13,81.024796,0.0,0.0,191.98566
0.0,0.0,83.5863,0.0,0.0,198.54561,1.2845019e-11,-4.1604117e-13,78.97584,0.0,0.0,202.4534
0.0,0.0,84.986336,0.0,0.0,194.4916,8.618406e-12,-5.0058993e-12,85.42877,0.0,0.0,191.13315
0.0,0.0,82.622025,0.0,0.0,197.20367,0.0,0.0,80.37812,0.0,0.0,193.05862
0.0,0.0,83.9202,0.0,0.0,204.3033,0.0,0.0,69.18501,0.0,0.0,222.71278
0.0,0.0,121.90907,0.0,0.0,183.18112,1.7718383e-12,7.91112e-13,124.234245,0.0,0.0,160.91324
0.0,0.0,117.52014,0.0,0.0,160.01097,-1.7385192e-12,0.008007452,119.602196,0.0,0.0,141.9911
0.0,0.0,116.634026,0.0,0.0,178.11774,1.3399071e-12,9.24131e-13,127.331055,0.0,0.0,156.72829
0.0,0.0,128.21,0.0,0.0,143.9895,-1.354708e-12,-0.027510075,113.829636,0.0,0.0,152.76462
0.0,0.0,84.63215,0.0,0.0,196.81845,1.4730999e-12,-5.618372e-13,77.055084,0.0,0.0,196.85568
0.0,0.0,127.11216,0.0,0.0,157.86577,1.1342995e-12,-0.112050034,122.0543,0.0,0.0,163.4631
0.0,0.0,125.901566,0.0,0.0,140.80252,2.4899622e-13,8.152837e-13,118.12236,0.0,0.0,129.88853
0.0,0.0,118.5878,0.0,0.0,145.38135,-5.1862776e-12,0.008029697,129.0468,0.0,0.0,114.62746
0.0,0.0,79.62814,0.0,0.0,211.5391,2.3832262e-12,-2.4661043e-13,72.90906,0.0,0.0,213.36057
0.0,0.0,80.86722,0.0,0.0,198.86673,1.5835652e-11,-1.6743194e-12,84.81625,0.0,0.0,188.2269
7.380834e-12,-1.8445038e-05,81.133644,0.0,0.0,206.19888,2.9472846e-12,-1.1798492e-12,76.47188,0.0,0.0,205.17204
7.444127e-12,0.00016451946,79.88589,0.0,0.0,208.6718,0.0,0.0,80.599594,0.0,0.0,211.25241
0.0,0.0,121.61151,0.0,0.0,164.05656,1.4031002e-12,4.944548e-13,124.09896,0.0,0.0,150.46793
0.0,0.0,123.64261,0.0,0.0,173.30533,-1.1716823e-12,1.0546434e-12,123.66559,0.0,0.0,170.60178
0.0,0.0,77.42405,0.0,0.0,202.88257,7.125735e-12,1.3331944e-12,88.32451,0.0,0.0,188.21443
-1.06849035e-11,-0.00050123286,85.76915,2.1793317e-11,-0.00021043101,199.18292,-0.0009430873,0.00094308646,76.98377,0.0,0.0,203.6037
0.0,0.0,122.525215,0.0,0.0,146.61913,1.1586332e-12,8.606732e-13,119.46245,0.0,0.0,132.41109
0.0,0.0,84.83672,0.0,0.0,198.68762,1.3612288e-11,-3.1219005e-12,72.82516,0.0,0.0,209.03903
0.0,0.0,77.90933,0.0,0.0,199.06973,2.618152e-11,-2.2842522e-12,88.08063,0.0,0.0,182.5812
0.0,0.0,123.689835,0.0,0.0,163.9837,1.1173648e-12,1.1567933e-12,126.306564,0.0,0.0,169.51958
0.0,0.0,80.88466,0.0,0.0,205.4638,0.0,0.0,75.70899,0.0,0.0,217.37852
0.0,0.0,81.459236,0.0,0.0,197.99187,2.5345243e-11,-3.8788963e-12,89.53281,0.0,0.0,187.92085
0.0,0.0,128.15746,0.0,0.0,147.13425,-2.3245616e-12,0.0029751211,117.887924,0.0,0.0,148.66086
0.0,0.0,124.51595,0.0,0.0,169.2204,3.5885058e-12,2.005761e-12,122.71386,0.0,0.0,153.784
0.0,0.0,82.99036,0.0,0.0,200.60583,0.0,0.0,69.05573,0.0,0.0,214.9341
-2.0062837e-11,-0.00056280306,82.682144,5.4187592e-11,-0.00040506246,203.28491,-0.0005718203,0.0005718198,85.48492,-7.3055815e-12,0.000800258,191.79994
0.0,0.0,121.34663,0.0,0.0,149.79636,1.6783413e-12,0.009746513,120.232895,-3.713528e-12,-0.00019842552,139.97961
0.0,0.0,113.402374,0.0,0.0,163.96515,-2.482356e-12,0.0017448649,125.487526,0.0,0.0,140.51947
0.0,0.0,83.367775,0.0,0.0,206.04001,0.0,0.0,67.72013,0.0,0.0,223.04669
4.0526568e-11,-0.00032918656,97.68172,-4.740128e-12,0.0002978616,185.61002,4.277288e-12,-1.5475838e-12,80.010254,0.0,0.0,198.94083
0.0,0.0,118.10157,0.0,0.0,149.69812,-2.0353786e-12,-0.070080325,123.13595,0.0,0.0,122.12868
0.0,0.0,123.74396,0.0,0.0,152.64725,7.5349183e-13,0.011430271,118.8792,-2.6427218e-11,0.00025644773,139.97514
0.0,0.0,131.45837,0.0,0.0,162.78947,2.741129e-12,1.2781886e-12,126.82608,0.0,0.0,172.55157
0.0,0.0,89.797676,0.0,0.0,194.13054,0.0,0.0,67.874466,0.0,0.0,217.6615
0.0,0.0,130.09244,0.0,0.0,167.4237,5.422561e-13,-8.554202e-15,126.45084,0.0,0.0,169.08002
-1.2083237e-11,-0.0008608012,117.46146,3.196223e-11,-0.00038105767,150.76425,3.2524233e-12,0.011743643,117.22144,-3.3785355e-12,0.0005250329,144.87395
0.0,0.0,124.66358,0.0,0.0,165.38931,1.7291252e-12,1.1052298e-12,132.57265,0.0,0.0,152.42944
0.0,0.0,118.657486,0.0,0.0,147.15752,1.651639e-11,0.0084659755,128.58678,0.0,0.00025226,152.12619
0.0,0.0,84.06066,0.0,0.0,204.77237,0.0,0.0,66.60388,0.0,0.0,223.32236
0.0,0.0,124.20796,0.0,0.0,143.97931,2.1235555e-12,3.1956935e-13,125.789375,0.0,0.0,129.66534
0.0,0.0,125.64637,0.0,0.0,166.27087,7.6935317e-13,6.3056597e-13,128.7603,0.0,0.0,162.7956
0.0,0.0,85.01603,0.0,0.0,200.1543,2.6542104e-12,-1.025317e-12,69.23604,0.0,0.0,213.9485
3.3143304e-12,-0.00021778047,83.94408,7.3153816e-11,0.00041957456,191.30865,4.3337027e-12,-2.2345367e-13,76.25039,0.0,0.0,189.09895
1.2838232e-11,4.7798174e-05,77.70097,0.0,0.0,214.11945,2.502126e-11,-4.0947094e-12,76.68576,0.0,0.0,214.09425
0.0,0.0,85.68297,0.0,0.0,199.16077,1.0013632e-11,-1.7451937e-12,84.062485,0.0,0.0,185.4383
0.0,0.0,80.85517,0.0,0.0,198.15016,0.0,0.0,72.527306,0.0,0.0,206.313
0.0,0.0,127.57019,0.0,0.0,163.93256,1.4148233e-12,6.8294697e-13,126.67035,0.0,0.0,154.4152
0.0,0.0,81.680695,0.0,0.0,203.43103,0.0,0.0,74.00937,0.0,0.0,214.67899
-6.3854417e-12,-0.000759683,106.58054,-3.962788e-11,-0.00040587943,178.53249,2.4159149e-11,0.011190064,110.016014,0.0,0.0015062712,171.44128
0.0,0.0,123.234695,0.0,0.0,159.69742,8.6302065e-13,9.775432e-14,122.221146,0.0,0.0,155.54118
0.0,0.0,84.993965,0.0,0.0,199.43062,0.0,0.0,67.302765,0.0,0.0,214.0055
3.851429e-12,-2.1019214e-06,78.587975,0.0,0.0,201.263,-1.1546264e-12,-3.643952e-13,71.931496,0.0,0.0,199.26318
0.0,0.0,134.40588,0.0,0.0,147.07776,1.8796906e-12,1.3034822e-12,115.07037,0.0,0.0,162.14949
0.0,0.0,118.08334,0.0,0.0,153.56447,6.2723725e-13,-1.162294e-12,124.35954,0.0,0.0,135.46141
3.9506107e-12,-0.00018085404,80.98117,3.54995e-11,0.0005624073,209.22977,5.2073295e-14,-5.419493e-14,70.82583,0.0,0.0,199.92044
0.0,0.0,120.04044,0.0,0.0,156.81339,2.2302748e-12,0.0010715406,117.65365,0.0,0.0,149.85782
0.0,0.0,127.84964,0.0,0.0,169.45615,2.202019e-12,1.5823925e-12,127.08237,0.0,0.0,169.44714
-5.587703e-12,-0.0007056814,103.46893,-1.3510874e-10,-0.00032698325,182.4686,-0.0007863604,0.0007863598,92.92871,0.0,0.0,177.62154
0.0,0.0,122.17113,0.0,0.0,154.80038,-1.7152922e-12,0.0071188165,120.04082,0.0,0.0,142.15417
-1.9257023e-11,-0.00041645876,91.593735,2.0316308e-11,4.6638612e-05,193.75003,5.880322e-12,-2.1273378e-12,73.17308,0.0,0.0,210.4257
0.0,0.0,121.784775,0.0,0.0,168.45793,-1.3235448e-12,-0.06009546,122.3586,0.0,0.0,175.02122
0.0,0.0,91.33287,0.0,0.0,197.4881,0.0,0.0,64.47877,0.0,0.0,230.06082
0.0,0.0,128.36392,0.0,0.0,163.83664,6.2083856e-13,3.7857225e-13,126.98717,0.0,0.0,160.32341
0.0,0.0,88.14064,0.0,0.0,194.19283,0.0,0.0,77.88674,0.0,0.0,201.99557
0.0,0.0,125.31897,0.0,0.0,167.08366,1.9981167e-12,3.3724873e-13,137.47523,0.0,0.0,154.88605
1.23602534e-11,9.1575355e-05,79.62564,0.0,0.0,201.17006,2.7293434e-12,-9.521392e-13,81.624306,0.0,0.0,198.06729
3.947533e-11,-0.00057006004,103.717316,-9.130267e-11,-0.000114416194,185.99388,0.0,0.00082899653,91.69093,0.0,0.0,204.58968
0.0,0.0,87.50222,0.0,0.0,202.30376,0.0,0.0,67.82214,0.0,0.0,224.67393
0.0,0.0,83.90828,0.0,0.0,196.4722,2.6029305e-12,-7.1890974e-13,70.41546,0.0,0.0,203.3522
0.0,0.0,133.59059,0.0,0.0,159.97714,4.0476344e-13,8.830867e-14,116.92132,0.0,0.0,172.24399
-2.9854792e-11,-0.00068805885,105.86711,-1.8767771e-13,-0.00025974805,168.89719,-0.0007019725,0.0007019719,77.7934,0.0,0.0,204.59343
0.0,0.0,85.54927,0.0,0.0,198.13078,0.0,0.0,78.96266,0.0,0.0,200.9153
0.0,0.0,79.21125,0.0,0.0,204.56412,0.0,0.0,70.1535,0.0,0.0,215.34274
0.0,0.0,126.00376,0.0,0.0,139.24269,5.2661754e-13,0.0054486543,112.11861,0.0,0.0,149.46123
0.0,0.0,113.13514,0.0,0.0,150.5445,-5.256911e-12,-0.032560624,126.99517,0.0,0.0,126.32095
4.7976376e-11,-0.00028734907,81.08398,6.3118635e-11,0.0003098764,201.49213,3.6351265e-12,-2.039015e-15,70.275406,0.0,0.0,205.41388
0.0,0.0,80.607895,0.0,0.0,214.2374,2.6573967e-11,-2.8211942e-12,67.10402,0.0,0.0,225.94759
0.0,0.0,126.88625,0.0,0.0,163.08234,3.7798806e-13,1.3694449e-12,126.56941,0.0,0.0,171.02411
0.0,0.0,83.339264,0.0,0.0,198.8211,0.0,0.0,68.64944,0.0,0.0,210.57162
0.0,0.0,89.22642,0.0,0.0,200.22803,0.0,0.0,67.0675,0.0,0.0,223.75136
2.5706888e-11,-3.0973184e-05,77.20344,0.0,0.0,216.70412,3.7392836e-12,-1.0311362e-13,73.6853,0.0,0.0,207.51285
0.0,0.0,123.039536,0.0,0.0,163.07071,-1.4611715e-12,-1.5414808e-12,121.91642,0.0,0.0,156.18997
0.0,0.0,123.17222,0.0,0.0,162.29355,-2.4058065e-12,-0.08158609,123.32994,0.0,0.0,147.819
-5.4414303e-12,0.0002465912,88.22746,0.0,0.0,201.55685,-0.00777439,0.0077743833,76.08823,0.0,0.0,219.72694
0.0,0.0,83.9043,0.0,0.0,197.50613,3.1009104e-12,-2.1172072e-13,72.321335,0.0,0.0,206.17242
0.0,0.0,83.05884,0.0,0.0,200.85059,6.7067484e-12,1.2808265e-12,78.58823,0.0,0.0,200.98634
0.0,0.0,76.26296,0.0,0.0,200.80188,0.0,0.0,81.812584,0.0,0.0,203.85556
0.0,0.0,129.58566,0.0,0.0,148.95174,5.6161597e-13,5.9331717e-13,114.80874,0.0,0.0,147.91972
0.0,0.0,125.83046,0.0,0.0,169.52762,1.5524527e-13,5.32791e-13,117.14226,0.0,0.0,156.97359
0.0,0.0,126.86661,0.0,0.0,159.00668,1.1423447e-12,5.918804e-13,121.41125,0.0,0.0,148.13474
0.0,0.0,122.60357,0.0,0.0,170.76877,-6.7865104e-13,2.8034733e-13,119.753265,0.0,0.0,165.40215
0.0,0.0,86.567184,0.0,0.0,201.98419,0.0,0.0,73.25569,0.0,0.0,219.61566
1.1463244e-11,-0.0003402881,82.616684,3.42066e-11,0.00019474573,220.64394,2.037116e-11,-3.89469e-12,75.79631,0.0,0.0,216.23672
0.0,0.0,79.99751,0.0,0.0,197.12599,3.938138e-12,-2.6160777e-12,85.99578,0.0,0.0,192.62167
0.0,0.0,79.88016,0.0,0.0,206.5049,-3.7324243e-13,-1.306926e-12,71.948586,0.0,0.0,209.19238
0.0,0.0,84.14752,0.0,0.0,197.26753,1.1997056e-12,-1.0219676e-12,74.620605,0.0,0.0,204.29826
0.0,0.0,131.53297,0.0,0.0,161.12001,4.5406122e-12,1.5558906e-12,125.91388,0.0,0.0,163.74237
0.0,0.0,122.57964,0.0,0.0,171.7078,1.3224225e-13,1.3027871e-13,119.5455,0.0,0.0,159.92365
0.0,0.0,85.5207,0.0,0.0,192.535,5.222847e-12,-1.2813305e-12,77.956215,0.0,0.0,191.44763
0.0,0.0,129.61775,0.0,0.0,157.11641,3.7225782e-12,6.390469e-13,117.387,0.0,0.0,162.10376
0.0,0.0,82.53518,0.0,0.0,199.86366,6.975554e-12,-1.4655564e-12,83.08475,0.0,0.0,192.72089
-3.1263886e-13,3.3429744e-05,86.200035,0.0,0.0,188.68689,1.1454067e-12,1.2743561e-14,80.44867,0.0,0.0,189.0582
0.0,0.0,122.53884,0.0,0.0,147.84628,8.9369213e-13,2.2052721e-14,124.04487,0.0,0.0,131.16278
0.0,0.0,124.04308,0.0,0.0,147.23595,-3.989016e-12,0.0049407245,117.075966,0.0,0.0,146.65533
0.0,0.0,122.237274,0.0,0.0,146.43419,7.711303e-14,0.0007821041,123.61954,0.0,0.0,131.86494
-6.588744e-11,8.167623e-05,79.318886,0.0,0.0,203.0812,-1.287853e-13,-2.2560868e-12,80.913895,0.0,0.0,198.98756
0.0,0.0,125.1788,0.0,0.0,171.91144,1.4765917e-12,-2.3044e-13,126.39743,0.0,0.0,161.97693
0.0,0.0,121.96507,0.0,0.0,145.23853,-1.0896425e-12,2.938818e-13,125.62279,0.0,0.0,132.31564
0.0,0.0,80.46207,0.0,0.0,202.44865,5.3592726e-13,-1.6499074e-12,73.92296,0.0,0.0,207.5448
0.0,0.0,119.80645,0.0,0.0,158.96034,-4.1357148e-12,-0.042540334,122.22896,0.0,0.0,139.167
0.0,0.0,116.54082,0.0,0.0,149.2872,1.0632645e-13,-0.04796353,126.528946,0.0,0.0,129.24345
0.0,0.0,79.007996,0.0,0.0,204.43341,1.6251871e-11,-5.5583836e-12,72.763664,0.0,0.0,207.37679
0.0,0.0,82.02694,0.0,0.0,205.7948,-1.5351136e-14,-7.092666e-13,73.3491,0.0,0.0,202.74889
0.0,0.0,82.833084,0.0,0.0,199.67294,0.0,0.0,71.00124,0.0,0.0,207.9122
0.0,0.0,136.09521,0.0,0.0,145.62971,2.5524183e-11,0.0029516362,121.64837,0.0,0.0,157.12323
0.0,0.0,128.23167,0.0,0.0,150.85895,8.787751e-13,9.101644e-13,116.07393,0.0,0.0,149.00249
0.0,0.0,87.12226,0.0,0.0,199.04648,0.0,0.0,67.03303,0.0,0.0,221.19824
0.0,0.0,130.3977,0.0,0.0,143.62277,-2.9752896e-13,-0.04395032,110.73067,0.0,0.0,135.55536
0.0,0.0,128.8416,0.0,0.0,168.58337,-5.6504947e-13,-5.004351e-13,117.64362,0.0,0.0,169.37874
0.0,0.0,114.19834,0.0,0.0,157.47813,1.4362298e-12,0.010351022,131.63861,1.1681406e-11,0.00011531629,124.97217
0.0,0.0,127.286804,0.0,0.0,156.9652,-5.2647215e-13,0.004408607,122.889244,0.0,0.0,141.57431
0.0,0.0,121.95978,0.0,0.0,164.84564,6.8763734e-13,1.10544264e-13,137.37701,0.0,0.0,160.3055
0.0,0.0,80.64592,0.0,0.0,199.21173,-6.9518688e-12,5.243331e-12,86.108055,0.0,0.0,191.53699
0.0,0.0,79.53908,0.0,0.0,203.70566,3.8112374e-11,-9.622218e-12,80.504166,0.0,0.0,198.54083
0.0,0.0,122.67251,0.0,0.0,164.33826,-2.6593285e-12,0.0007074565,124.09432,0.0,0.0,136.51613
3.3526754e-11,-0.00023974874,75.01178,3.8518744e-11,0.00039030472,206.9911,2.2981554e-12,-2.4914788e-12,76.50578,0.0,0.0,205.89232
0.0,0.0,84.318085,0.0,0.0,199.522,0.0,0.0,77.08644,0.0,0.0,209.25961
0.0,0.0,81.12138,0.0,0.0,202.02834,0.0,0.0,86.93238,0.0,0.0,190.43817
0.0,0.0,129.1371,0.0,0.0,145.57748,3.657337e-12,-0.00085215847,116.73435,0.0,0.0,147.78061
0.0,0.0,129.73424,0.0,0.0,166.45789,9.132029e-13,1.26701e-13,123.474655,0.0,0.0,165.46968
0.0,0.0,81.672,0.0,0.0,203.6463,0.0,0.0,78.183495,0.0,0.0,212.53989
0.0,0.0,125.178085,0.0,0.0,154.04285,2.2129824e-12,-0.03533117,126.3667,0.0,0.0,144.91354
0.0,0.0,120.720795,0.0,0.0,145.31842,1.8427681e-12,0.0100835115,125.46372,1.239935e-12,0.00012196753,132.18054
0.0,0.0,132.21916,0.0,0.0,153.19745,-3.748899e-13,-0.08071787,110.983055,0.0,0.0,158.83415
1.4350611e-11,-0.00030896408,110.543755,-2.4775021e-12,0.00036553037,175.21356,0.0,0.0037820174,87.3479,0.0,0.0,205.77592
0.0,0.0,81.5927,0.0,0.0,198.75891,9.265174e-12,-6.5013034e-13,77.96762,0.0,0.0,193.14731
0.0,0.0,83.093475,0.0,0.0,203.15276,0.0,0.0,70.83364,0.0,0.0,220.75896
0.0,0.0,120.86667,0.0,0.0,162.94098,6.337555e-13,2.1551463e-12,118.955605,0.0,0.0,153.50679
0.0,0.0,130.41945,0.0,0.0,155.41974,-1.2928368e-12,-0.051482003,117.832504,0.0,0.0,171.46841
0.0,0.0,126.14223,0.0,0.0,174.04956,8.940803e-13,8.134213e-13,130.05237,0.0,0.0,169.08202
0.0,0.0,125.26828,0.0,0.0,164.96854,8.976384e-13,7.890878e-13,125.605484,0.0,0.0,168.5629
0.0,0.0,128.14261,0.0,0.0,158.752,4.358295e-12,0.00090924616,115.735466,0.0,0.0,162.82217
0.0,0.0,121.492195,0.0,0.0,146.84216,-2.2956689e-12,-0.046601646,122.77556,0.0,0.0,129.86528
0.0,0.0,76.93177,0.0,0.0,206.73099,-2.1541224e-12,-1.3923368e-13,76.79833,0.0,0.0,206.83159
0.0,0.0,119.890274,0.0,0.0,150.50922,2.0370454e-12,1.7160546e-12,124.040184,0.0,0.0,140.0093
-1.2589708e-12,0.00014289503,75.78259,0.0,0.0,207.2869,0.0,-5.772646e-13,84.48243,0.0,0.0,198.92755
0.0,0.0,73.77142,0.0,0.0,207.81342,0.0,0.0,78.00812,0.0,0.0,217.45102
0.0,8.0758626e-05,75.48723,0.0,0.0,207.40787,-1.0668682e-12,-4.968737e-13,79.01507,0.0,0.0,203.49118
0.0,0.0,79.52066,0.0,0.0,205.4472,-7.029438e-12,-5.5010857e-13,78.57292,0.0,0.0,198.91998
0.0,0.0,124.36939,0.0,0.0,160.13907,2.837641e-12,5.8803103e-13,123.67651,0.0,0.0,158.93094
0.0,0.0,120.99251,0.0,0.0,168.93625,2.1443737e-12,-0.05932939,125.02803,0.0,0.0,164.4947
0.0,0.0,119.9799,0.0,0.0,149.22433,7.659652e-13,4.0159087e-13,124.25876,0.0,0.0,128.12766
0.0,0.0,124.86121,0.0,0.0,159.67467,1.1324113e-12,-4.69153e-05,112.469345,0.0,0.0,154.94472
0.0,0.0,120.620285,0.0,0.0,152.98935,-2.005715e-12,-0.051547397,120.99338,0.0,0.0,135.59033
0.0,0.0,81.184906,0.0,0.0,208.88629,0.0,0.0,73.17461,0.0,0.0,223.09842
0.0,0.0,122.52295,0.0,0.0,165.64027,1.7473674e-13,1.3860584e-12,128.59712,0.0,0.0,153.49275
0.0,0.0,132.22777,0.0,0.0,154.03886,-1.7158719e-12,-0.0767717,119.25746,0.0,0.0,175.83456
0.0,0.0,118.481285,0.0,0.0,170.10454,6.240969e-13,5.2711465e-13,120.182945,0.0,0.0,164.30733
0.0,0.0,127.3668,0.0,0.0,152.18842,-4.3095306e-12,-0.04251857,127.01831,0.0,0.0,149.54231
0.0,0.0,119.847534,0.0,0.0,145.44872,1.0522309e-12,1.10991755e-13,127.06065,0.0,0.0,114.17345
0.0,0.0,76.77238,0.0,0.0,205.1398,1.5322348e-11,-5.2735247e-13,78.62638,0.0,0.0,201.3724
0.0,0.0,118.947525,0.0,0.0,164.11623,1.0788821e-12,-0.08922838,121.33656,0.0,0.0,157.96251
0.0,0.0,124.671646,0.0,0.0,158.94713,5.069784e-13,3.6217446e-13,124.06764,0.0,0.0,148.04526
0.0,0.0,82.90908,0.0,0.0,202.24715,0.0,0.0,69.88525,0.0,0.0,216.50223
0.0,0.0,119.23372,0.0,0.0,154.26302,6.6283264e-13,6.7363617e-13,125.50055,0.0,0.0,137.49838
0.0,0.0,77.18893,0.0,0.0,206.33699,1.1435238e-11,-1.5243952e-12,72.1131,0.0,0.0,208.79259
0.0,0.0,77.83121,0.0,0.0,205.83368,-1.5676523e-12,1.180433e-13,67.694984,0.0,0.0,210.76358
0.0,0.0,125.72591,0.0,0.0,150.33328,4.706015e-12,-0.0259742,111.573395,0.0,0.0,144.98892
0.0,0.0,120.52602,0.0,0.0,148.09213,1.9484208e-13,-0.039431877,120.000725,0.0,0.0,144.91049
0.0,0.0,79.78812,0.0,0.0,204.36343,5.2635656e-12,-9.12806e-13,77.24601,0.0,0.0,201.64142
1.9043862e-11,-0.00026611515,95.67016,-4.043742e-12,0.00048183618,190.6354,-2.5854189e-12,-1.7327123e-12,77.64505,0.0,0.0,210.02129
3.0265485e-11,0.00021963163,81.30451,0.0,0.0,200.07687,-2.1596338e-13,9.306314e-14,78.15169,0.0,0.0,201.19528
0.0,0.0,80.698044,0.0,0.0,204.28192,3.0973544e-12,-4.2548224e-13,70.58447,0.0,0.0,207.80954
0.0,0.0,125.986626,0.0,0.0,146.72156,3.3425168e-12,2.3487761e-12,120.45994,0.0,0.0,130.9276
1.0365609e-11,-0.0005438906,94.80353,-2.3986177e-10,-0.000105336585,192.11533,-1.0079207e-12,2.5163365e-13,78.8972,0.0,0.0,196.48703
0.0,0.0,126.46205,0.0,0.0,158.99559,3.4023674e-13,7.4549796e-13,123.84933,0.0,0.0,163.16687
0.0,0.0,131.21219,0.0,0.0,151.5734,-2.0923504e-12,-0.037071906,115.19437,0.0,0.0,150.33418
0.0,0.0,117.35691,0.0,0.0,141.77335,-1.3807241e-12,0.011227226,119.266525,1.0540289e-11,0.00047482506,141.45917
-1.9549636e-11,-0.0001996204,103.660706,-3.390623e-11,0.0005277884,172.3425,7.280012e-12,-1.7577611e-12,94.38173,0.0,0.0,179.3389
0.0,0.0,117.986824,0.0,0.0,161.01065,-1.10023015e-11,0.007037619,118.66889,-3.9821396e-11,-0.0003279352,148.61922
2.5022873e-11,0.0001878475,79.811035,0.0,0.0,204.41324,7.094087e-12,-1.5004637e-13,70.54561,0.0,0.0,211.0637
0.0,0.0,84.52122,0.0,0.0,198.98445,0.0,0.0,69.297066,0.0,0.0,208.17688
0.0,0.0,127.803925,0.0,0.0,162.66284,1.19469084e-14,3.3187385e-13,125.06054,0.0,0.0,157.75351
0.0,0.0,128.4301,0.0,0.0,167.92328,6.529654e-14,2.328722e-14,129.34949,0.0,0.0,158.94934
-1.2070625e-10,-0.00038594633,102.34074,-6.6325283e-12,0.00024677228,177.43109,5.913525e-11,-1.1552948e-11,90.31416,0.0,0.0,207.17674
0.0,0.0,75.151245,0.0,0.0,219.97832,3.159895e-12,-5.852044e-13,80.073166,0.0,0.0,204.11966
0.0,0.0,119.10053,0.0,0.0,148.11192,-2.7542454e-13,-0.07043117,124.28165,0.0,0.0,133.07788
0.0,0.0,128.10977,0.0,0.0,152.86313,-3.2225023e-12,-0.057180375,115.46795,0.0,0.0,158.04297
0.0,0.0,85.55484,0.0,0.0,199.95729,0.0,0.0,67.96846,0.0,0.0,216.01755
0.0,0.0,119.09244,0.0,0.0,161.00151,-2.1242218e-12,-0.08610396,124.851654,0.0,0.0,141.23923
8.532289e-12,9.39514e-05,85.676384,0.0,0.0,197.14037,9.705109e-12,-1.4304415e-12,71.520966,0.0,0.0,210.16284
0.0,0.0,123.634415,0.0,0.0,162.02072,4.2888818e-13,4.4931456e-15,124.14636,0.0,0.0,146.69977
0.0,0.0,77.8268,0.0,0.0,196.03479,1.4572435e-12,-1.8870483e-13,76.8459,0.0,0.0,195.44873
0.0,0.0,112.08365,0.0,0.0,149.58046,6.3535917e-12,-0.050812926,130.2989,0.0,0.0,120.04769
0.0,0.0,123.42914,0.0,0.0,176.0955,-1.1642221e-12,3.2265352e-13,126.6042,0.0,0.0,170.20047
-1.9311957e-11,2.5395093e-05,75.95922,0.0,0.0,207.58583,-0.006625835,0.006625829,79.5153,0.0,0.0,222.9744
0.0,0.0,83.55919,0.0,0.0,196.88345,0.0,0.0,86.85604,0.0,0.0,193.21959
0.0,0.0,80.975716,0.0,0.0,204.44547,-5.5336725e-13,-1.4697942e-12,66.60232,0.0,0.0,213.41402
0.0,0.0,124.84415,0.0,0.0,158.51378,-3.1397023e-12,0.010261419,115.94367,-2.073236e-11,0.00020742272,152.06413
0.0,0.0,121.23935,0.0,0.0,175.12216,-1.0770194e-12,6.369574e-14,118.69574,0.0,0.0,164.91052
0.0,0.0,85.732765,0.0,0.0,200.0928,0.0,0.0,67.653336,0.0,0.0,219.8773
0.0,0.0,124.94167,0.0,0.0,159.32083,2.6426585e-13,-0.07880137,119.17668,0.0,0.0,152.30145
0.0,0.0,82.028946,0.0,0.0,195.32825,2.1178087e-11,-5.2193965e-12,72.44411,0.0,0.0,196.77908
0.0,0.0,89.0007,0.0,0.0,196.74783,0.0,0.0,65.704605,0.0,0.0,225.26733
0.0,0.0,118.55113,0.0,0.0,147.92212,-4.6982904e-13,0.008916228,122.13825,-2.7496306e-11,3.6077137e-05,128.46469
0.0,0.0,86.42775,0.0,0.0,197.91765,2.169299e-12,-1.2823501e-12,70.274124,0.0,0.0,211.1774
0.0,0.0,126.44743,0.0,0.0,171.51767,8.2738644e-13,2.0342404e-12,128.12715,0.0,0.0,169.77982
0.0,0.0,80.520676,0.0,0.0,201.67435,-9.483136e-13,5.690799e-13,83.71093,0.0,0.0,196.72142
0.0,0.0,127.163155,0.0,0.0,147.31686,4.6008423e-12,-0.03695081,113.03763,0.0,0.0,134.67664
0.0,0.0,80.449036,0.0,0.0,212.4362,0.0,0.0,74.736946,0.0,0.0,211.99884
0.0,0.0,85.50021,0.0,0.0,199.78716,2.4261996e-12,-7.303729e-13,70.956955,0.0,0.0,201.64964
0.0,0.0,84.783745,0.0,0.0,204.87234,0.0,0.0,73.2446,0.0,0.0,217.54027
6.436767e-12,-0.0011546016,123.33975,0.0,0.0,155.55833,2.9984867e-12,0.010287763,113.21448,2.6905447e-11,0.0006903274,161.31477
0.0,0.0,122.47568,0.0,0.0,136.3915,1.823419e-12,0.0073833927,112.73633,-7.02079e-12,-0.00013564958,140.8819
0.0,0.0,125.139404,0.0,0.0,165.58226,1.4986506e-12,1.00192e-12,129.45851,0.0,0.0,152.20569
2.4895806e-11,-0.00017198894,82.97322,0.0,0.0,198.68361,1.5028267e-11,0.009870742,76.08458,0.0,0.0,202.13174
0.0,0.0,79.37746,0.0,0.0,199.80635,1.0597264e-11,-2.5466222e-12,70.0849,0.0,0.0,201.00435
0.0,0.0,75.64021,0.0,0.0,209.88878,0.0,0.0,71.427605,0.0,0.0,227.96907
-1.3434413e-11,-2.351507e-05,83.73305,0.0,0.0,197.60901,-6.890091e-13,-4.104094e-13,69.94214,0.0,0.0,209.93451
0.0,0.0,119.581085,0.0,0.0,170.7562,1.7742496e-12,4.428671e-13,128.33372,0.0,0.0,147.98993
0.0,0.0,127.97388,0.0,0.0,154.8455,1.6310573e-12,2.6965396e-13,122.27559,0.0,0.0,159.4444
0.0,0.0,123.22388,0.0,0.0,149.24503,-3.5269248e-13,0.009856285,117.06644,-1.2340718e-11,0.0002471463,146.67422
0.0,0.0,108.57527,0.0,-0.00020776576,167.04669,-1.8695562e-12,0.0058221426,126.30737,0.0,0.0,136.52289
0.0,0.0,124.06357,0.0,0.0,160.28241,-1.0516966e-12,0.009107365,121.517265,4.33827e-12,-5.190452e-05,138.61702
0.0,0.0,122.67342,0.0,0.0,164.92828,-1.8266272e-12,0.0021262649,121.845665,0.0,0.0,144.30403
0.0,0.0,129.19019,0.0,0.0,170.7389,-1.9976514e-12,-4.1678472e-13,126.76453,0.0,0.0,171.46426
0.0,0.0,126.33775,0.0,0.0,154.98389,-2.9488725e-12,-0.00080213754,122.74026,0.0,0.0,147.84146
0.0,0.0,126.4364,0.0,0.0,162.29764,2.1015136e-12,1.1843478e-12,123.51033,0.0,0.0,165.80646
0.0,0.0,123.24892,0.0,0.0,156.3907,1.4115097e-12,-0.09363954,115.81234,0.0,0.0,150.68976
0.0,0.0,127.107834,0.0,0.0,150.49986,-2.2183555e-12,-0.08165003,125.39283,0.0,0.0,141.9042
0.0,0.0,116.859314,0.0,0.0,138.59792,3.071461e-12,-0.0429655,121.272316,0.0,0.0,122.708595
0.0,0.0,124.28996,0.0,0.0,174.99203,1.3830926e-12,1.6808092e-12,125.837105,0.0,0.0,166.8935
0.0,0.0,123.418564,0.0,0.0,172.97958,6.1121784e-13,1.1620206e-12,132.01277,0.0,0.0,166.1596
0.0,0.0,120.439835,0.0,0.0,169.19568,-6.948198e-12,-0.053965345,113.97777,0.0,0.0,161.46594
0.0,0.0,86.090744,0.0,0.0,202.29962,0.0,0.0,74.42737,0.0,0.0,221.83005
0.0,0.0,121.19211,0.0,0.0,145.24309,-4.095556e-12,-0.037316915,120.74204,0.0,0.0,129.22253
0.0,0.0,128.2394,0.0,0.0,151.21523,6.777879e-13,9.139389e-14,124.74428,0.0,0.0,141.26831
-5.11325e-12,4.1626146e-05,77.81735,0.0,0.0,208.67303,-0.008599898,0.008599889,88.70332,0.0,0.0,196.94649
-5.1271243e-10,-0.0006008824,80.959175,7.208526e-11,-0.00041939682,207.68777,-0.00078379636,0.0007837956,79.83091,0.0,0.0,213.37616
0.0,0.0,127.32963,0.0,0.0,155.84143,-2.690813e-12,0.002093573,119.494865,0.0,0.0,144.87364
0.0,0.0,125.674126,0.0,0.0,164.22629,-9.97929e-13,-2.7077928e-13,136.13461,0.0,0.0,152.93193
0.0,0.0,128.57883,0.0,0.0,169.69952,-8.771258e-13,-9.607903e-13,132.29906,0.0,0.0,169.85272
0.0,0.0,130.8768,0.0,0.0,161.90024,3.2972483e-13,-2.5459046e-13,120.52608,0.0,0.0,168.08023
0.0,0.0,83.47469,0.0,0.0,204.84465,0.0,0.0,75.02998,0.0,0.0,211.41525
0.0,0.0,79.8503,0.0,0.0,211.45387,0.0,0.0,79.58056,0.0,0.0,215.98404
0.0,0.0,113.76458,0.0,0.0,183.6156,-1.8583793e-13,4.6878595e-14,127.00738,0.0,0.0,153.58778
0.0,0.0,86.58296,0.0,0.0,194.51561,0.0,0.0,80.44771,0.0,0.0,197.90738
0.0,0.0,122.49531,0.0,0.0,142.38467,-7.585658e-13,0.0064616334,117.64533,0.0,0.0,136.35358
0.0,0.0,116.02928,0.0,0.0,163.84067,-1.2959923e-12,-0.093010455,123.70085,0.0,0.0,146.90884
0.0,0.0,120.515884,0.0,0.0,177.61304,2.2656959e-13,-0.07820628,115.00695,0.0,0.0,171.63373
0.0,0.0,127.57451,0.0,0.0,168.77957,-3.0377211e-12,-0.07132869,119.13288,0.0,0.0,167.23314
0.0,0.0,77.660995,0.0,0.0,208.13098,0.0,0.0,69.90405,0.0,0.0,214.6542
0.0,0.0,123.39603,0.0,0.0,172.64377,1.9653184e-14,7.184366e-13,118.456635,0.0,0.0,161.28647
-1.622983e-11,-0.00015278443,90.67296,0.0,0.0,192.2127,8.126322e-12,-1.4589394e-12,72.63281,0.0,0.0,208.363
0.0,0.0,123.256645,0.0,0.0,146.37027,-7.105535e-13,-2.0383569e-13,127.5109,0.0,0.0,143.0863
0.0,0.0,126.606705,0.0,0.0,156.96759,-3.4977585e-12,-0.067328945,122.49276,0.0,0.0,153.90413
0.0,0.0,77.14202,0.0,0.0,199.52003,1.7275266e-11,-1.8968804e-12,73.10817,0.0,0.0,199.39551
0.0,0.0,125.554436,0.0,0.0,163.47351,-2.085002e-13,2.2297242e-13,121.354004,0.0,0.0,163.33391
0.0,0.0,116.865524,0.0,0.0,162.15756,-5.4801714e-13,-0.07360577,124.78662,0.0,0.0,149.74304
0.0,0.0,85.47815,0.0,0.0,203.8053,0.0,0.0,75.609215,0.0,0.0,212.49863
0.0,0.0,89.12805,0.0,0.0,200.78581,0.0,0.0,70.893265,0.0,0.0,211.14832
0.0,0.0,113.938286,0.0,0.0,175.25659,9.971742e-12,-0.05273155,125.13985,0.0,0.0,158.94879
4.0208583e-12,-0.00036659255,76.14653,2.6902768e-11,0.00013889393,216.37485,-5.0570756e-13,-3.2871214e-12,77.288,0.0,0.0,213.91151
0.0,0.0,86.17669,0.0,0.0,197.73637,0.0,0.0,75.573395,0.0,0.0,206.37816
0.0,0.0,82.23987,0.0,0.0,196.8623,0.0,0.0,70.55761,0.0,0.0,203.99689
0.0,0.0,117.774284,0.0,0.0,150.05629,-2.6820495e-13,6.491939e-13,131.68463,0.0,0.0,132.6375
0.0,0.0,81.60109,0.0,0.0,200.62553,0.0,0.0,62.284492,0.0,0.0,208.36295
4.5575687e-12,-0.0005702872,81.22739,7.3010285e-11,-0.00029179352,202.02989,1.42940625e-11,-1.2048548e-12,67.04396,0.0,0.0,206.0086
0.0,0.0,122.901344,0.0,0.0,150.6641,4.1222156e-12,4.7737266e-12,115.11254,0.0,0.0,153.97275
0.0,0.0,117.762375,0.0,0.0,176.49689,-7.106002e-13,-0.05044908,118.76534,0.0,0.0,157.70142
0.0,0.0,128.40121,0.0,0.0,150.6217,0.0,0.0,123.66394,0.0,0.0,154.56761
0.0,0.0,89.189316,0.0,0.0,194.76479,0.0,0.0,67.69292,0.0,0.0,216.02841
0.0,0.0,119.224434,0.0,0.0,146.01456,3.5146e-12,-0.040047735,123.13946,0.0,0.0,127.68759
0.0,0.0,126.92781,0.0,0.0,174.85687,-9.388249e-13,-1.0965722e-12,127.464355,0.0,0.0,174.75069
0.0,0.0,126.29597,0.0,0.0,162.85217,-1.9369196e-12,-0.07378371,120.23866,0.0,0.0,175.61792
0.0,0.0,84.05939,0.0,0.0,202.84692,0.0,0.0,78.066826,0.0,0.0,204.41284
0.0,0.0,77.59657,0.0,0.0,213.73589,0.0,0.0,77.67442,0.0,0.0,204.63417
0.0,0.0,123.3691,0.0,0.0,163.58691,-6.102047e-13,-4.610233e-13,133.87477,0.0,0.0,164.08261
0.0,0.0,125.028915,0.0,0.0,142.30258,-2.367992e-12,-4.5471846e-13,120.42905,0.0,0.0,141.87431
0.0,0.0,130.53326,0.0,0.0,142.2074,2.1193028e-12,-0.045819864,115.11825,0.0,0.0,145.55591
0.0,0.0,85.01129,0.0,0.0,199.73868,0.0,0.0,67.05659,0.0,0.0,215.84674
0.0,0.0,126.54756,0.0,0.0,158.07585,-4.6878256e-12,-0.032861695,116.51208,0.0,0.0,153.13918
0.0,0.0,123.84631,0.0,0.0,155.4686,-6.8227954e-12,0.005937801,115.09998,4.9881738e-11,-0.00043097054,143.86894
0.0,0.0,128.71,0.0,0.0,169.01825,3.6926134e-13,2.5585458e-13,126.713196,0.0,0.0,166.12015
0.0,0.0,126.26622,0.0,0.0,152.4802,7.7246196e-13,-0.055693183,116.87397,0.0,0.0,149.51038
0.0,0.0,123.12724,0.0,0.0,141.72081,1.7916782e-12,-0.080584615,119.39423,0.0,0.0,136.52676
0.0,0.0,126.206955,0.0,0.0,163.18526,-2.527058e-12,-0.09047311,122.48287,0.0,0.0,171.1885
0.0,0.0,88.89789,0.0,0.0,198.96124,0.0,0.0,70.13468,0.0,0.0,219.8682
0.0,0.0,124.45894,0.0,0.0,150.86795,-1.564121e-13,-0.08493777,118.78582,0.0,0.0,141.76558
0.0,0.0,123.76087,0.0,0.0,146.98886,-7.1408385e-13,-1.2416289e-13,118.94562,0.0,0.0,139.06213
0.0,0.0,126.66646,0.0,0.0,157.09052,1.0110667e-13,2.1677256e-13,117.07451,0.0,0.0,154.17622
0.0,0.0,88.95622,0.0,0.0,196.52602,0.0,0.0,65.45396,0.0,0.0,223.1616
0.0,0.0,80.69619,0.0,0.0,204.19511,0.0,0.0,70.907776,0.0,0.0,216.21515
0.0,0.0,133.76599,0.0,0.0,154.60136,-4.307332e-13,-1.0056824e-12,110.673225,0.0,0.0,171.19545
0.0,0.0,82.0845,0.0,0.0,209.32251,0.0,0.0,73.04798,0.0,0.0,219.90167
0.0,0.0,116.938255,0.0,0.0,188.25821,3.913608e-13,-3.9932651e-13,123.36567,0.0,0.0,152.46735
0.0,0.0,86.520065,0.0,0.0,197.46762,0.0,0.0,74.58509,0.0,0.0,207.47575
0.0,0.0,88.42531,0.0,0.0,197.0505,0.0,0.0,77.104294,0.0,0.0,206.35146
0.0,0.0,118.078224,0.0,0.0,155.8351,2.3193853e-11,0.007139898,112.97412,4.7854176e-10,-4.5292578e-05,161.27393
0.0,0.0,128.34277,0.0,0.0,160.11258,2.7335356e-12,6.158993e-12,122.60341,0.0,0.0,165.43953
0.0,0.0,85.69367,0.0,0.0,201.32591,0.0,0.0,68.27646,0.0,0.0,212.96768
0.0,0.0,84.37358,0.0,0.0,194.31914,1.8682906e-11,-1.6819478e-12,70.355965,0.0,0.0,207.95503
0.0,0.0,128.2808,0.0,0.0,141.9885,-2.604462e-11,0.011026953,127.80113,-1.1442397e-09,0.00057594944,135.8595
0.0,0.0,128.37762,0.0,0.0,168.49998,9.527549e-13,5.2659857e-13,121.136635,0.0,0.0,171.5715
0.0,0.0,89.45691,0.0,0.0,191.34666,0.0,0.0,66.761475,0.0,0.0,207.40125
0.0,0.0,77.48563,0.0,0.0,210.64624,0.0,0.0,74.066696,0.0,0.0,226.05164
0.0,0.0,78.15197,0.0,0.0,210.52391,6.085424e-13,-1.8560284e-12,76.69316,0.0,0.0,195.66963
1.5325087e-11,-9.990385e-05,75.459404,0.0,0.0,225.65839,9.621897e-12,3.5137142e-14,71.86547,0.0,0.0,214.28635
0.0,0.0,126.59659,0.0,0.0,168.26932,1.733741e-13,6.1010105e-13,131.0292,0.0,0.0,164.81824
0.0,0.0,118.62919,0.0,0.0,172.0593,7.2993396e-14,1.1575086e-13,132.06735,0.0,0.0,147.93143
0.0,0.0,129.4711,0.0,0.0,173.13568,-1.7982984e-12,2.0726056e-13,125.28919,0.0,0.0,168.45818
0.0,0.0,125.31928,0.0,0.0,173.32185,-1.2164407e-12,7.33574e-13,133.20085,0.0,0.0,169.13857
0.0,0.0,125.58827,0.0,0.0,171.20438,2.5675848e-12,-0.09972864,124.732216,0.0,0.0,169.12442
0.0,0.0,117.434296,0.0,0.0,176.01912,-7.8554e-13,3.0019645e-13,129.49207,0.0,0.0,153.25342
0.0,0.0,133.14227,0.0,0.0,161.85245,7.898057e-12,-0.08953937,114.3306,0.0,0.0,171.89674
0.0,0.0,119.52762,0.0,0.0,157.92166,-7.256357e-16,-3.8349152e-13,125.123276,0.0,0.0,144.05151
0.0,0.0,129.28714,0.0,0.0,133.71835,3.3540369e-12,3.589175e-12,118.00314,0.0,0.0,139.54483
0.0,0.0,131.11894,0.0,0.0,151.35156,2.8287683e-13,-4.8611614e-13,112.50459,0.0,0.0,158.13623
0.0,0.0,88.09924,0.0,0.0,197.58694,0.0,0.0,66.98987,0.0,0.0,220.77182
0.0,0.0,131.57375,0.0,0.0,157.43555,1.0453258e-12,-0.06029672,109.985664,0.0,0.0,163.74768
0.0,0.0,131.38507,0.0,0.0,169.14972,-7.1485027e-13,2.5653541e-14,116.609184,0.0,0.0,180.53543
0.0,0.0,86.56865,0.0,0.0,199.20563,0.0,0.0,69.93199,0.0,0.0,214.30345
0.0,0.0,134.26462,0.0,0.0,147.02426,1.4359153e-12,3.6544918e-13,115.45388,0.0,0.0,152.7361
0.0,0.0,124.090965,0.0,0.0,175.13788,-8.0089405e-14,-0.052839745,113.92788,0.0,0.0,184.96567
0.0,0.0,83.805756,0.0,0.0,201.14212,0.0,0.0,75.27698,0.0,0.0,200.65842
0.0,0.0,123.82388,0.0,0.0,143.71198,-3.8414543e-13,-8.911722e-14,119.98796,0.0,0.0,147.2135
0.0,0.0,129.0241,0.0,0.0,166.56598,-3.785775e-13,-3.084682e-13,128.95702,0.0,0.0,171.07956
0.0,0.0,82.92073,0.0,0.0,203.12033,0.0,0.0,77.86491,0.0,0.0,206.44926
-1.6320051e-11,-0.00019411651,82.47268,0.0,0.0,201.8515,9.290306e-12,-7.578081e-13,76.13989,0.0,0.0,201.54144
0.0,0.0,124.48783,0.0,0.0,145.14188,-5.4082173e-12,-0.021811534,118.64425,0.0,0.0,142.61787
0.0,0.0,112.45662,0.0,0.0,156.5288,-3.016053e-12,0.0014473188,128.48952,0.0,0.0,130.32587
0.0,0.0,119.16156,0.0,0.0,135.77774,-1.1825129e-12,-0.00012054417,123.834694,0.0,0.0,122.417694
0.0,0.0,124.48317,0.0,0.0,138.24077,0.0,0.0,121.5673,0.0,0.00051126274,147.04245
0.0,0.0,116.77466,0.0,0.0,165.55037,-7.794686e-12,-0.055421,123.29855,0.0,0.0,151.36285
0.0,0.0,119.862144,0.0,0.0,148.58105,2.5611262e-12,4.211522e-12,125.24036,0.0,0.0,119.05572
-6.0913816e-11,0.00012789968,86.94342,0.0,0.0,197.05042,0.0,0.0,73.542496,0.0,0.0,205.7086
0.0,0.0,128.97076,0.0,0.0,135.48875,0.0,0.0,120.4487,0.0,0.0011076579,145.31245
-8.625097e-12,0.00012878886,84.47605,0.0,0.0,192.09892,0.0,0.0,83.88327,0.0,0.0,202.40848
0.0,0.0,129.04398,0.0,0.0,150.00058,-5.836182e-13,-0.062531754,108.99916,0.0,0.0,154.33815
1.40538544e-11,0.00021211168,76.62205,0.0,0.0,214.1938,1.38110304e-11,-1.448434e-12,76.38293,0.0,0.0,200.1303
0.0,0.0,82.96043,0.0,0.0,201.84142,0.0,0.0,65.98163,0.0,0.0,210.30316
0.0,0.0,83.123634,0.0,0.0,196.76933,0.0,0.0,78.598236,0.0,0.0,199.49486
0.0,0.0,120.708,0.0,0.0,177.3642,1.6879961e-12,-0.067997366,118.4698,0.0,0.0,172.86432
0.0,0.0,116.65478,0.0,0.0,166.44778,2.2688815e-12,2.7333964e-12,125.67539,0.0,0.0,152.30939
0.0,0.0,119.64467,0.0,0.0,147.51074,0.0,0.0,131.67899,0.0,0.0015942386,135.77817
0.0,0.0,113.8699,0.0,0.0,163.89091,8.1144995e-12,6.2922215e-12,133.3478,0.0,0.0,138.25797
0.0,0.0,126.56253,0.0,0.0,141.76689,-3.8308163e-12,-0.00020337458,127.16876,0.0,0.0,143.1375
0.0,0.0,113.20008,0.0,0.0,158.89711,7.494371e-12,-0.023680588,123.54341,0.0,-0.00045145757,144.88788
0.0,0.0,82.32803,0.0,0.0,194.55453,0.0,0.0,86.07426,0.0,0.0,191.25882
0.0,0.0,77.29368,0.0,0.0,211.1575,0.0,0.0,77.82496,0.0,0.0,209.37361
0.0,0.0,124.32295,0.0,0.0,162.59004,-1.7702603e-12,0.002854775,123.29463,0.0,0.0,158.92209
0.0,0.0,127.909485,0.0,0.0,166.4378,-1.4213965e-12,-1.1644099e-12,119.37628,0.0,0.0,173.30585
0.0,0.0,80.41086,0.0,0.0,204.5278,0.0,0.0,72.75018,0.0,0.0,211.23889
0.0,0.0,129.93562,0.0,0.0,155.04167,-3.583901e-13,4.3516083e-13,118.13742,0.0,0.0,157.59752
0.0,0.0,113.86932,0.0,0.0,173.99666,1.5215706e-12,-0.06350801,129.48854,0.0,0.0,142.5916
4.3071787e-12,-0.0005777012,76.72759,8.471932e-12,-7.561184e-05,209.40001,-0.0045159627,0.004515959,81.944534,0.0,0.0,195.48944
0.0,0.0,124.52194,0.0,0.0,154.4424,5.054669e-13,7.066965e-13,127.82564,0.0,0.0,144.42273
0.0,0.0,117.37197,0.0,0.0,188.75488,1.5582263e-13,9.651186e-15,124.47078,0.0,0.0,172.13382
0.0,0.0,113.60164,0.0,0.0,184.2934,-2.6959606e-12,-0.05038213,123.864555,0.0,0.0,153.55711
0.0,0.0,129.95763,0.0,0.0,166.77744,1.0778651e-12,5.7328296e-13,122.3957,0.0,0.0,168.72943
0.0,0.0,78.59083,0.0,0.0,207.7127,0.0,0.0,77.24745,0.0,0.0,207.49533
0.0,0.0,77.25239,0.0,0.0,210.54785,0.0,0.0,76.793915,0.0,0.0,207.29218
0.0,0.0,112.93003,0.0,0.0,192.97638,4.371858e-12,-0.04578263,121.44,0.0,0.0,160.98407
0.0,0.0,121.890305,0.0,0.0,159.59074,3.456368e-12,0.0050346022,113.311584,1.3035298e-12,-0.000118472955,145.22661
0.0,0.0,123.66414,0.0,0.0,161.23497,1.5777983e-12,0.0002762827,124.17056,0.0,0.0,147.11667
0.0,0.0,116.254265,0.0,0.0,185.31235,3.0647297e-12,-0.048563056,118.726425,0.0,0.0,166.94745
2.7727395e-11,-0.00026333914,87.12943,0.0,0.0,192.74234,-0.011306264,0.011306254,84.712845,0.0,0.0,202.31041
0.0,0.0,80.78732,0.0,0.0,198.29843,0.0,0.0,84.88492,0.0,0.0,200.7587
8.253339e-12,-0.00052195915,72.41112,1.6948417e-11,-2.345376e-05,219.21658,1.5087543e-12,-2.0355552e-13,71.542,0.0,0.0,208.17511
0.0,0.0,126.11145,0.0,0.0,141.37648,6.203465e-12,0.007228239,116.02202,-3.6096997e-11,0.0002641605,129.10243
0.0,0.0,126.17908,0.0,0.0,169.9135,2.8199955e-12,1.5623616e-12,116.504776,0.0,0.0,176.53299
0.0,0.0,125.20011,0.0,0.0,157.90198,5.4124257e-12,-0.049873084,112.21581,0.0,0.0,159.19742
0.0,0.0,121.707794,0.0,0.0,173.4498,-4.5252376e-13,0.006234939,111.39043,1.5293433e-11,0.00025841588,180.58983
0.0,0.0,126.9941,0.0,0.0,172.66016,1.03067e-12,6.488934e-13,118.90398,0.0,0.0,171.97318
0.0,0.0,128.79744,0.0,0.0,155.03096,3.0458912e-12,1.3917082e-13,121.64427,0.0,0.0,150.97922
0.0,0.0,125.99411,0.0,0.0,150.40753,5.2951168e-12,-0.028792962,116.791756,0.0,0.0,148.8134
1.5875251e-12,-0.0010554792,95.20334,-6.405261e-11,-0.0007973044,200.733,-0.0006247759,0.0006247753,72.53818,0.0,0.0,216.33766
0.0,0.0,116.464584,0.0,0.0,152.1421,-4.140484e-12,0.0021511845,127.841965,0.0,0.0,130.12396
0.0,0.0,124.07754,0.0,0.0,156.17001,1.2040324e-12,2.0088057e-12,118.0789,0.0,0.0,157.44957
0.0,0.0,78.18078,0.0,0.0,214.9994,0.0,0.0,79.026535,0.0,0.0,213.54572
0.0,0.0,119.477005,0.0,0.0,174.9517,-7.9720963e-13,-0.000783347,125.177414,0.0,-0.00017904787,155.68286
0.0,0.0,85.77076,0.0,0.0,189.89081,0.0,0.0,78.57718,0.0,0.0,200.27875
4.6295377e-11,-0.0007887662,79.167816,6.909077e-11,-0.0005754344,204.89305,-6.2355425e-12,0.008226059,82.3268,0.0,0.0,192.05911
0.0,0.0,120.61168,0.0,0.0,137.19485,1.3614661e-12,-0.029155467,118.70109,0.0,0.0,133.62344
0.0,0.0,119.85983,0.0,0.0,157.41193,1.7489113e-12,-0.028207362,126.182434,0.0,0.0,146.16075
0.0,0.0,120.79261,0.0,0.0,168.87955,3.215172e-12,2.8188784e-12,129.53748,0.0,0.0,152.98843
0.0,0.0,131.5559,0.0,0.0,167.2027,6.2827787e-13,-1.6097139e-13,110.96844,0.0,0.0,176.9002
0.0,0.0,124.45716,0.0,0.0,184.29024,2.7565347e-13,-0.042621586,106.99441,0.0,0.0,192.49118
0.0,0.0,123.996826,0.0,0.0,159.16257,-3.8378285e-12,-0.043233875,117.86582,0.0,0.0,149.64423
-2.2063441e-13,0.00011625247,80.48872,0.0,0.0,199.30772,3.3029256e-12,-1.5493591e-12,71.01505,0.0,0.0,204.03784
0.0,0.0,108.416336,0.0,0.0,156.78018,-4.5652926e-12,0.007473961,127.96059,4.321191e-11,0.0003241328,125.580536
0.0,0.0,125.58427,0.0,0.0,164.96696,5.9992836e-13,-0.06957843,118.4694,0.0,0.0,164.77975
0.0,0.0,124.03565,0.0,0.0,156.8143,3.505064e-13,2.2129652e-13,118.75635,0.0,0.0,155.8223
0.0,0.0,116.648544,0.0,0.0,175.42508,1.0288136e-12,3.921689e-13,124.471375,0.0,0.0,159.1264
0.0,0.0,78.96569,0.0,0.0,204.62186,0.0,0.0,78.308655,0.0,0.0,205.26038
0.0,0.0,126.13679,0.0,0.0,138.65414,-4.6990467e-12,-0.050065894,119.75197,0.0,0.0,139.77072
0.0,0.0,121.01529,0.0,0.0,150.6292,-1.8863502e-13,8.0809925e-13,134.21773,0.0,0.0,142.07344
0.0,0.0,125.209274,0.0,0.0,152.99957,-2.8694486e-11,0.005207261,124.40196,0.0,0.0012082803,147.63416
0.0,0.0,111.966644,0.0,0.0,163.81442,-6.271889e-12,-0.0231673,127.17592,0.0,-0.00013483105,132.66194
0.0,0.0,76.90077,0.0,0.0,210.11572,0.0,0.0,83.38799,0.0,0.0,201.42828
0.0,0.0,124.54624,0.0,0.0,144.15602,1.9036329e-12,-0.06764402,123.367905,0.0,0.0,142.83458
0.0,0.0,128.7929,0.0,0.0,158.27805,1.7811365e-12,3.0026261e-12,117.31618,0.0,0.0,155.00078
0.0,0.0,117.12668,0.0,0.0,154.42017,7.070401e-13,-0.040732253,118.914474,0.0,0.0,127.00314
0.0,0.0,118.89645,0.0,0.0,168.03293,0.0,-0.015239035,113.76184,0.0,4.084501e-05,160.75182
0.0,0.0,120.68332,0.0,0.0,168.43402,8.1894485e-13,-0.043142743,120.09304,0.0,0.0,159.47305
0.0,0.0,82.12073,0.0,0.0,203.9003,0.0,0.0,63.641678,0.0,0.0,216.58148
4.5999337e-12,-0.00072886783,84.107056,3.536661e-11,-0.000351989,197.89297,1.3613133e-11,-1.2251749e-12,80.041626,0.0,0.0,198.11145
0.0,0.0,122.94315,0.0,0.0,168.2251,1.2042951e-12,7.7244743e-13,123.020584,0.0,0.0,146.99567
0.0,0.0,79.157196,0.0,0.0,214.1416,0.0,0.0,73.27983,0.0,0.0,210.59271
0.0,0.0,111.70707,0.0,0.0,182.40974,1.1309246e-12,9.30427e-13,131.33192,0.0,0.0,157.1393
0.0,0.0,127.95451,0.0,0.0,171.58311,1.3997837e-12,5.246936e-13,122.78744,0.0,0.0,169.39812
0.0,0.0,80.78479,0.0,0.0,204.84941,0.0,0.0,81.61007,0.0,0.0,202.56946
0.0,0.0,114.35503,0.0,0.0,170.51071,-3.853792e-12,0.008524599,121.504105,-2.940923e-11,0.0005708629,140.87872
0.0,0.0,75.34067,0.0,0.0,211.73819,0.0,0.0,78.06596,0.0,0.0,214.13231
0.0,0.0,124.590485,0.0,0.0,162.40897,-3.5222742e-13,1.3939522e-12,120.226974,0.0,0.0,150.09311
0.0,0.0,127.318054,0.0,0.0,158.57298,-1.8664498e-13,0.009025613,108.53253,2.0083067e-11,0.00090955885,153.18106
0.0,0.0,78.178474,0.0,0.0,202.85321,0.0,0.0,85.73643,0.0,0.0,199.86688
0.0,0.0,119.01497,0.0,0.0,174.3521,4.4842263e-13,-0.03714568,118.01438,0.0,0.0,153.16653
3.889049e-11,-0.00088806526,98.67028,-7.614502e-11,-0.00032427098,179.60767,8.30006e-12,-2.7196444e-12,84.35676,0.0,0.0,190.23466
1.2092959e-12,-0.0006466505,73.04128,9.5264775e-11,-0.00038154057,230.07515,0.0,0.003200953,85.46754,0.0,0.0,207.94328
0.0,0.0,112.28431,0.0,0.0,180.61217,2.3046584e-12,-0.07508282,122.232285,0.0,0.0,167.42596
0.0,0.0,118.871475,0.0,0.0,173.7921,4.659014e-13,8.4646504e-13,128.59465,0.0,0.0,157.47313
0.0,0.0,122.03056,0.0,0.0,170.48918,9.411646e-13,4.739392e-13,124.074745,0.0,0.0,162.3505
0.0,0.0,113.53184,0.0,0.0,164.31992,-9.5376354e-12,0.0029370296,123.14818,0.0,0.0,136.50305
0.0,0.0,123.561386,0.0,0.0,152.54997,3.197814e-11,0.0051050675,126.586365,0.0,0.0010847927,137.48799
0.0,0.0,126.59659,0.0,0.0,159.93808,1.207179e-12,-0.023971032,116.63495,0.0,0.0,155.4169
0.0,0.0,80.79607,0.0,0.0,198.04251,0.0,0.0,85.98834,0.0,0.0,198.36038
0.0,0.0,127.42778,0.0,0.0,141.31792,1.2630636e-11,3.3060575e-12,125.908646,0.0,0.0,137.47299
0.0,0.0,125.95311,0.0,0.0,148.53804,-1.7133868e-12,-0.03229342,120.13315,0.0,0.0,137.6967
0.0,0.0,80.03105,0.0,0.0,205.22803,0.0,0.0,79.766304,0.0,0.0,196.3722
0.0,0.0,115.10246,0.0,0.0,166.07715,-1.4276694e-11,0.0034281225,121.13405,0.0,0.0,155.27556
0.0,0.0,115.396645,0.0,0.0,155.52393,1.5192939e-13,-0.023144156,125.34175,0.0,0.0,127.231834
0.0,0.0,116.33117,0.0,0.0,158.70964,3.5266377e-12,-0.04316648,123.01547,0.0,0.0,131.85005
0.0,0.0,129.44891,0.0,0.0,159.4659,7.527862e-13,-5.7539646e-14,117.379166,0.0,0.0,160.08862
0.0,0.0,84.60245,0.0,0.0,197.00873,0.0,0.0,73.634445,0.0,0.0,202.62573
0.0,0.0,125.5365,0.0,0.0,139.3477,4.1074175e-12,-0.03112365,113.57446,0.0,0.0,135.95064
0.0,0.0,79.16933,0.0,0.0,202.70647,0.0,0.0,85.32483,0.0,0.0,198.63448
0.0,0.0,119.90709,0.0,0.0,159.3033,-9.802991e-13,-0.09226781,127.55497,0.0,0.0,140.3584
1.8722395e-11,-0.0006781768,100.21861,-1.0973712e-10,9.986758e-05,182.13367,-0.0075332564,0.0075332494,80.16877,0.0,0.0,203.39989
0.0,0.0,126.0847,0.0,0.0,156.96928,2.9193616e-12,2.021137e-12,128.57672,0.0,0.0,147.03717
0.0,0.0,124.48689,0.0,0.0,138.19391,8.018784e-12,-0.044968307,125.35391,0.0,0.0,138.9484
0.0,0.0,132.3503,0.0,0.0,167.35266,-0.40524954,0.40524906,126.23409,0.0,0.0,174.45518
0.0,0.0,126.03336,0.0,0.0,153.79993,-0.71296704,0.62793994,127.4672,0.0,0.0,158.95866
4.9755863e-12,-0.0009849167,82.28707,1.0923676e-11,-0.000941223,205.78577,-0.0005188243,0.00051882386,75.06248,0.0,0.0,199.49933
0.0,0.0,130.36806,0.0,0.0,162.3865,-1.1953737e-13,3.677483e-13,120.98593,0.0,0.0,176.2044
0.0,0.0,121.18824,0.0,0.0,165.47263,-0.46557993,0.4655794,131.5664,0.0,0.0,146.93248
0.0,0.0,119.93958,0.0,0.0,155.93361,0.0,0.0,124.6339,0.0,0.0013472926,142.90324
-5.6162e-11,-0.00061646797,98.49591,-9.654516e-11,0.00026392876,197.34856,2.2758809e-12,4.339706e-14,80.500145,0.0,0.0,217.4217
0.0,0.0,125.33864,0.0,0.0,178.91829,-0.18103507,0.1810349,121.642426,0.0,0.0,182.8776
0.0,0.0,127.499,0.0,0.0,127.21526,2.861364e-12,1.5054741e-12,121.09272,0.0,0.0,126.2359
-9.382505e-10,-0.0001993518,88.72832,0.0,0.0,184.60182,-0.01347924,0.013479229,94.3463,0.0,0.0,192.98546
0.0,0.0,128.76006,0.0,0.0,153.82288,1.2634912e-12,-0.02151521,111.31836,0.0,0.0,142.07578
0.0,0.0,112.41371,0.0,0.0,159.79478,-0.22863105,0.2022973,126.489876,0.0,0.0,142.2089
0.0,0.0,113.41221,0.0,0.0,179.50113,1.8900667e-12,0.007385576,118.41008,-1.9391187e-11,0.00047327226,148.69221
0.0,0.0,112.613,0.0,0.0,158.07024,-4.5127053e-12,-0.026438281,121.23659,0.0,0.0,138.05952
0.0,0.0,127.215965,0.0,0.0,159.28404,1.5121541e-13,6.489427e-14,124.917755,0.0,0.0,158.68756
-1.6310567e-11,0.00017568505,75.4987,0.0,0.0,210.8365,2.9103334e-12,3.4262269e-13,84.173035,0.0,0.0,186.16483
0.0,0.0,77.203384,0.0,0.0,209.32845,0.0,0.0,79.122604,0.0,0.0,204.99216
0.0,0.0,127.31665,0.0,0.0,149.75456,-3.91021e-12,-0.0001438174,121.66359,0.0,0.0,139.82382
0.0,0.0,116.26092,0.0,0.0,188.67694,6.483998e-13,1.5116757e-13,120.54201,0.0,0.0,156.44171
0.0,0.0,122.00805,0.0,0.0,134.97636,-3.6280618e-12,0.005938044,117.14321,1.7767286e-12,5.7353413e-05,129.95691
0.0,0.0,79.1286,0.0,0.0,201.48495,0.0,0.0,81.92303,0.0,0.0,199.11774
0.0,0.0,117.26327,0.0,0.0,166.54086,4.840325e-13,8.486877e-13,129.17694,0.0,0.0,143.26796
0.0,0.0,84.444305,0.0,0.0,196.72264,0.0,0.0,71.84749,0.0,0.0,204.1477
0.0,0.0,77.27171,0.0,0.0,208.9837,0.0,0.0,80.56289,0.0,0.0,201.5853
0.0,0.0,120.43211,0.0,0.0,175.62973,9.663582e-13,8.668928e-13,124.04289,0.0,0.0,163.02518
0.0,0.0,110.90806,0.0,0.0,167.10222,1.0241303e-12,0.0075137177,121.82351,1.6083902e-11,0.00032458847,129.79126
0.0,0.0,129.92105,0.0,0.0,167.31111,-2.4331777e-14,1.2362786e-13,117.30249,0.0,0.0,173.23303
0.0,0.0,124.253555,0.0,0.0,178.05414,2.7302418e-12,4.1762795e-12,116.974686,0.0,0.0,182.84473
0.0,0.0,76.43519,0.0,0.0,210.1133,0.0,0.0,80.751785,0.0,0.0,200.61725
0.0,0.0,122.530525,0.0,0.0,174.66902,5.3991922e-11,-0.044253945,125.49783,0.0,0.0,165.60934
0.0,0.0,127.19612,0.0,0.0,154.56947,2.3583856e-12,8.5710676e-13,116.75416,0.0,0.0,158.90318
0.0,0.0,128.38533,0.0,0.0,170.94704,3.651067e-13,1.5083604e-13,120.12456,0.0,0.0,171.89566
-1.5296209e-13,-0.0009869406,106.18448,-1.0262385e-11,-0.00033964883,176.36658,-0.0064674397,0.006467434,87.874985,0.0,0.0,199.93666
0.0,0.0,114.793106,0.0,0.0,168.86157,-6.3617937e-13,6.261997e-13,123.824684,0.0,0.0,139.99576
0.0,0.0,111.46389,0.0,0.0,185.15668,-3.7750957e-12,-0.05503481,125.56613,0.0,0.0,174.13577
0.0,0.0,130.77959,0.0,0.0,173.76967,3.005021e-13,-1.732727e-13,115.711914,0.0,0.0,179.62158
0.0,0.0,123.683586,0.0,0.0,173.08295,-2.1289455e-12,-0.042613007,119.16893,0.0,0.0,179.31566
0.0,0.0,124.41476,0.0,0.0,161.23767,2.0612749e-13,-0.052801635,111.82529,0.0,0.0,159.8327
0.0,0.0,125.07474,0.0,0.0,170.96637,-7.5594793e-13,0.00030765324,119.5788,0.0,0.0,174.37979
0.0,0.0,118.16064,0.0,0.0,157.96289,-0.3146121,0.31761464,124.841385,2.1482696e-11,-0.00045263843,138.14642
0.0,0.0,127.40846,0.0,0.0,163.76697,-0.70251846,0.7025177,134.87642,0.0,0.0,156.55412
0.0,0.0,125.17096,0.0,0.0,176.9527,5.0309167e-12,-0.09809031,116.61759,0.0,0.0,182.62497
0.0,0.0,108.539276,0.0,0.0,174.88498,1.0705186e-12,0.0076519633,128.85713,-2.5495134e-11,0.00041530104,141.79878
0.0,0.0,116.030136,0.0,0.0,179.962,5.1740513e-13,1.9115962e-13,124.58891,0.0,0.0,168.28842
0.0,0.0,131.17578,0.0,0.0,157.71048,1.4755428e-12,1.7697393e-12,119.20627,0.0,0.0,162.68143
0.0,0.0,117.07204,0.0,0.0,182.71027,1.378968e-12,-0.04283963,115.094795,0.0,0.0,165.97528
0.0,0.0,120.09948,0.0,0.0,184.27689,-0.6492149,0.5933283,123.50842,0.0,0.0,168.19765
0.0,0.0,120.80311,0.0,0.0,170.24594,-5.316941e-13,4.967776e-13,126.455185,0.0,0.0,158.06451
0.0,0.0,111.976974,0.0,0.0,176.4487,-0.3892198,0.38921937,127.732124,0.0,0.0,148.94978
0.0,0.0,129.34442,0.0,0.0,147.86357,6.243299e-13,1.227719e-12,111.19499,0.0,0.0,148.4678
0.0,0.0,109.88678,0.0,0.0,167.60803,-0.57267165,0.53478485,130.54024,0.0,0.0,144.41841
0.0,0.0,129.2259,0.0,0.0,171.9903,5.814476e-13,-3.910252e-13,120.9753,0.0,0.0,175.91376
0.0,0.0,78.62472,0.0,0.0,208.50781,0.0,0.0,77.042465,0.0,0.0,207.54265
0.0,0.0,126.93178,0.0,0.0,173.68222,-1.4655289e-12,-0.07016522,115.966675,0.0,0.0,173.37883
0.0,0.0,124.59714,0.0,0.0,156.8493,4.550258e-12,8.4360895e-12,127.56064,0.0,0.0,144.58829
0.0,0.0,114.299934,0.0,0.0,161.2427,6.6597084e-12,4.4912984e-12,128.39201,0.0,0.0,135.50977
0.0,0.0,79.33069,0.0,0.0,203.43568,0.0,0.0,80.773056,0.0,0.0,200.91943
-1.7195674e-12,-0.0018327134,131.0138,5.7873026e-11,-0.0009551359,146.35014,0.0,-0.00034961195,116.86153,0.0,0.0028139772,151.38213
0.0,0.0,115.517456,0.0,0.0,171.12756,8.213972e-13,8.0000655e-13,130.29544,0.0,0.0,148.04727
0.0,0.0,83.69842,0.0,0.0,198.68155,0.0,0.0,68.85312,0.0,0.0,207.57872
0.0,0.0,113.03081,0.0,0.0,167.06454,-1.1289533e-12,0.0039473306,122.344986,1.4483527e-11,-0.0004908182,149.18988
0.0,0.0,121.61445,0.0,0.0,172.65796,1.5104535e-12,5.1741066e-13,121.9258,0.0,0.0,164.58899
1.4399912e-11,-0.0008436815,76.007065,2.643125e-11,-0.0007664652,217.91335,2.3161716e-12,-4.7932405e-13,76.23614,0.0,0.0,194.43373
0.0,0.0,113.383446,0.0,0.0,186.60333,1.5545675e-12,9.943531e-14,126.83293,0.0,0.0,167.7326
0.0,0.0,122.31326,0.0,0.0,163.5635,7.474089e-12,-0.039773177,120.93416,0.0,0.0,160.82092
0.0,0.0,122.79782,0.0,0.0,166.817,-6.710442e-13,7.8301596e-14,120.865776,0.0,0.0,164.69492
-5.554217e-11,-0.0014853514,105.77753,-3.267748e-11,-0.0011142378,172.49551,2.2444838e-10,0.010136317,111.023926,0.0,0.0031469502,164.44424
-1.4822328e-12,-0.0010332958,106.57141,-3.593702e-11,-0.00035992853,165.11115,-0.0062025627,0.006202557,86.27603,0.0,0.0,193.49414
0.0,0.0,121.94114,0.0,0.0,162.00012,3.00718e-12,0.0050296285,113.37295,1.3027161e-11,-5.6339395e-06,140.42702
0.0,0.0,127.31052,0.0,0.0,142.27141,2.869191e-13,-0.024788927,106.3531,0.0,0.0,141.998
-3.2240377e-11,-0.0006705863,103.38703,-1.4996748e-10,0.00019504223,171.5759,-0.010157499,0.01015749,98.18031,0.0,0.0,183.64853
-4.6542284e-13,-0.000770044,101.73092,-2.3875521e-11,-4.9261407e-06,184.17433,2.3211008e-12,8.733548e-13,76.75776,0.0,0.0,192.30258
0.0,0.0,75.8655,0.0,0.0,220.90111,0.0,0.0,77.85127,0.0,0.0,215.97673
0.0,0.0,126.889725,0.0,0.0,142.369,1.5591747e-12,-0.029683668,112.87912,0.0,0.0,147.99292
0.0,0.0,126.85906,0.0,0.0,178.46411,6.249581e-14,1.0994604e-13,124.06544,0.0,0.0,177.17598
0.0,0.0,118.01723,0.0,0.0,168.73743,3.2217803e-12,3.3356913e-12,118.63109,0.0,0.0,160.08557
0.0,0.0,127.26541,0.0,0.0,137.50494,8.172716e-12,0.002922763,120.78471,0.0,0.0,140.1494
0.0,0.0,126.94905,0.0,0.0,156.05247,3.203215e-11,0.008063584,119.42523,3.3860065e-10,0.00079590874,160.84784
0.0,0.0,128.50919,0.0,0.0,164.85165,4.3227215e-14,-1.6445883e-13,119.15887,0.0,0.0,172.00325
0.0,0.0,116.55929,0.0,0.0,165.83743,1.4321625e-12,-0.043469667,123.685104,0.0,0.0,153.03452
2.6062444e-11,-0.0011556725,95.3804,-2.439542e-10,-0.0008796435,200.52977,-0.00082567276,0.0008256721,83.257225,0.0,0.0,191.13786
0.0,0.0,120.30176,0.0,0.0,149.75513,-2.3658974e-12,-0.048426785,123.85057,0.0,0.0,151.74904
0.0,0.0,113.821144,0.0,0.0,163.38661,2.562515e-12,1.6098408e-12,132.29443,0.0,0.0,140.2777
8.607608e-12,-0.00070435565,81.52905,4.6438773e-11,-0.00020500924,212.90576,-0.0066092615,0.006609256,80.688484,0.0,0.0,198.72688
0.0,0.0,126.7789,0.0,0.0,135.10489,2.880274e-13,5.283153e-13,115.695045,0.0,0.0,132.78745
0.0,0.0,118.41172,0.0,0.0,166.0499,-3.9300885e-12,0.0006481847,117.9958,0.0,0.0,144.54045
0.0,0.0,117.53135,0.0,0.0,163.5599,1.0872653e-12,1.7284492e-12,124.072845,0.0,0.0,130.32805
0.0,0.0,84.77767,0.0,0.0,199.16322,0.0,0.0,79.32173,0.0,0.0,195.67749
0.0,0.0,122.57533,0.0,0.0,148.35464,1.7306062e-12,1.9009239e-12,125.41293,0.0,0.0,128.0589
0.0,0.0,129.40498,0.0,0.0,144.79018,2.6902504e-12,0.0015270117,109.80092,0.0,0.0,146.17255
-2.1256037e-11,9.204927e-05,75.63669,0.0,0.0,204.95581,3.1560904e-10,-4.795938e-11,85.511,0.0,0.0,194.6102
0.0,0.0,111.761406,0.0,0.0,183.44131,-0.5082839,0.5082833,130.0673,0.0,0.0,159.10806
0.0,0.0,115.59372,0.0,0.0,181.74995,-7.2120365e-12,-0.037010968,123.779976,0.0,0.0,163.24936
0.0,0.0,127.91161,0.0,0.0,173.3818,1.5653283e-12,4.4320335e-14,122.92659,0.0,0.0,166.5258
0.0,0.0,73.581184,0.0,0.0,215.0129,3.7492565e-11,-4.7311946e-12,79.6459,0.0,0.0,192.95273
0.0,0.0,124.93161,0.0,0.0,163.0343,1.4330499e-12,-0.0896825,126.47574,0.0,0.0,156.03514
0.0,0.0,78.57304,0.0,0.0,204.30177,0.0,0.0,77.18295,0.0,0.0,203.52243
-7.200975e-11,-0.00020037915,86.60814,0.0,0.0,196.83983,-0.013530613,0.013530601,93.356255,0.0,0.0,191.36218
0.0,0.0,120.786446,0.0,0.0,154.56247,-3.7962944e-12,0.004729188,118.280754,2.3008106e-11,-0.0001523478,147.94464
1.9004432e-11,-0.0016269916,115.64386,-1.1908968e-10,-0.0010643831,166.15329,-0.566957,0.5770968,121.598694,-3.561289e-11,0.0012268319,151.62921
0.0,0.0,120.926254,0.0,0.0,137.28911,-1.4054467e-13,1.33917815e-14,128.48518,0.0,0.0,122.54345
0.0,0.0,76.518036,0.0,0.0,208.3645,0.0,0.0,80.75362,0.0,0.0,199.13832
0.0,0.0,121.726524,0.0,0.0,159.80753,-1.9969e-12,-0.07716001,118.6685,0.0,0.0,157.59708
0.0,0.0,123.51864,0.0,0.0,157.98969,5.7520442e-12,-0.031720284,126.92307,0.0,0.0,145.84242
0.0,0.0,78.220505,0.0,0.0,209.80841,0.0,0.0,82.308205,0.0,0.0,201.37686
0.0,0.0,129.59413,0.0,0.0,144.79913,2.4587678e-12,-0.03238933,108.75491,0.0,0.0,145.19925
0.0,0.0,125.58411,0.0,0.0,160.71414,5.5636277e-12,-0.0426476,111.68173,0.0,0.0,164.5079
0.0,0.0,128.267,0.0,0.0,172.1763,4.6197687e-13,3.8462313e-13,119.8786,0.0,0.0,175.45639
0.0,0.0,122.209076,0.0,0.0,168.79361,3.946377e-12,-0.0366331,119.698654,0.0,0.0,172.93658
0.0,0.0,121.46392,0.0,0.0,147.74544,-6.801221e-12,-0.051009092,120.26574,0.0,0.0,142.41791
0.0,0.0,120.44975,0.0,0.0,159.63335,2.1459102e-12,2.0399334e-13,128.1143,0.0,0.0,147.32957
0.0,0.0,114.91985,0.0,0.0,166.82047,0.0,0.0,129.7872,0.0,0.002188887,144.84831
7.474136e-12,-0.0006354233,106.056885,-8.0858506e-12,0.0002716488,175.10445,-0.009661458,0.00966145,87.003586,0.0,0.0,188.82301
0.0,0.0,80.91908,0.0,0.0,202.49086,0.0,0.0,81.92962,0.0,0.0,206.35147
0.0,0.0,128.53654,0.0,0.0,165.5278,-7.172127e-13,3.3381278e-13,123.934135,0.0,0.0,159.45609
5.0986927e-12,-0.00036816546,77.98687,2.4291024e-11,0.0006103228,211.27716,-0.0101728905,0.010172879,82.567986,0.0,0.0,208.88573
0.0,0.0,74.77591,0.0,0.0,208.54724,0.0,0.0,84.0026,0.0,0.0,205.17987
0.0,0.0,121.43211,0.0,0.0,167.43346,5.6486277e-13,0.005847701,113.64602,1.2899526e-11,5.1754512e-05,161.24664
0.0,0.0,113.28273,0.0,0.0,174.37462,-1.3968426,1.4018155,127.298935,0.0,0.0017018206,164.84085
1.1513181e-11,-0.00095548166,96.02908,-2.009937e-11,-0.00045570487,192.51178,3.3762103e-12,-4.7490354e-13,75.75362,0.0,0.0,205.6724
0.0,0.0,110.29895,0.0,0.0,167.95721,3.5708212e-12,0.0056994893,122.701706,7.979114e-12,6.573505e-05,144.56787
-2.6218753e-11,-0.00044892947,86.07298,4.3900005e-12,0.00047851214,197.67932,3.686998e-12,-9.91965e-15,82.005585,0.0,0.0,188.64462
7.036669e-12,-0.00079942314,94.28437,-2.588714e-12,-0.00013547868,194.81091,8.438852e-12,-1.210007e-12,85.798874,0.0,0.0,203.4157
0.0,0.0,77.33317,0.0,0.0,204.34549,0.0,0.0,87.72922,0.0,0.0,197.16821
0.0,0.0,126.11911,0.0,0.0,171.42625,8.414761e-12,-0.09551373,117.80816,0.0,0.0,173.58517
0.0,0.0,122.26166,0.0,0.0,165.84944,1.6392409e-12,8.9053157e-13,122.616615,0.0,0.0,140.71715
0.0,0.0,120.435036,0.0,0.0,147.68198,2.0421856e-12,8.303503e-13,124.211105,0.0,0.0,132.96109
0.0,0.0,126.74341,0.0,0.0,155.9045,2.9413958e-12,-0.08709166,117.52223,0.0,0.0,153.79889
0.0,0.0,117.50726,0.0,0.0,166.08081,-1.4261371,1.4261355,134.15797,0.0,0.0,141.67508
0.0,0.0,85.822815,0.0,0.0,197.12135,0.0,0.0,79.86344,0.0,0.0,201.28401
0.0,0.0,125.916824,0.0,0.0,146.6135,2.1661798e-12,8.0378456e-13,121.41776,0.0,0.0,134.16452
0.0,0.0,130.47624,0.0,0.0,145.19238,-0.46789032,0.41486233,120.722626,0.0,0.0,147.41623
0.0,0.0,123.13579,0.0,0.0,140.6739,-1.4738038,1.4783992,124.12629,0.0,0.0015478611,133.80865
0.0,0.0,124.644104,0.0,0.0,165.50998,-0.7165701,0.71768373,117.685,0.0,0.0,162.97974
0.0,0.0,86.65871,0.0,0.0,197.18428,0.0,0.0,71.26276,0.0,0.0,213.03864
0.0,0.0,112.10427,0.0,0.0,171.78482,-1.0622014,1.00722,123.95778,0.0,0.0,172.40991
0.0,0.0,115.608826,0.0,0.0,147.2713,-1.1933792,1.1981047,129.19595,0.0,0.0015054527,127.48935
-3.261213e-11,-0.0016629183,113.76341,4.9454035e-11,-0.0011058657,163.41696,3.5322253e-12,0.009236227,114.30618,3.265933e-11,0.0011637888,144.55386
0.0,0.0,126.080826,0.0,0.0,159.7863,2.6989316e-12,1.3882748e-12,123.61846,0.0,0.0,154.4796
0.0,0.0,117.31009,0.0,0.0,165.48935,-0.72252566,0.7225249,128.8507,0.0,0.0,145.9087
0.0,0.0,113.35625,0.0,0.0,173.05261,-1.3776262,1.3776248,133.53375,0.0,0.0,146.22653
0.0,0.0,126.47307,0.0,0.0,166.49178,7.752348e-13,8.3568466e-13,115.992355,0.0,0.0,182.2509
0.0,0.0,125.03346,0.0,0.0,175.52245,-0.17986892,0.17986876,124.83084,0.0,0.0,182.1364
0.0,0.0,130.03905,0.0,0.0,168.42734,-1.2651802e-12,-1.157345e-13,123.68559,0.0,0.0,170.92297
0.0,0.0,128.94476,0.0,0.0,173.1192,7.6451845e-14,4.2667524e-13,117.22778,0.0,0.0,183.0646
0.0,0.0,128.81831,0.0,0.0,136.76935,-1.4390597,1.4390582,128.75012,0.0,0.0,140.99677
0.0,0.0,116.85157,0.0,0.0,158.0687,7.0497476e-13,0.005319919,120.66654,-1.1456062e-11,0.00016890111,137.27605
1.515185e-11,-0.00055557594,86.009605,3.6923554e-11,0.0002890819,196.50435,8.846269e-12,-1.3043705e-12,69.26254,0.0,0.0,210.74876
0.0,0.0,121.79738,0.0,0.0,149.94211,-2.3782194,2.3782172,132.9187,0.0,0.0024223083,148.34749
0.0,0.0,116.66463,0.0,0.0,171.11395,5.401502e-13,-9.617692e-13,125.00329,0.0,0.0,173.70618
0.0,0.0,123.573654,0.0,0.0,181.10135,-1.837897e-12,-0.06502052,116.43742,0.0,0.0,181.75247
0.0,0.0,126.671585,0.0,0.0,155.3192,9.21693e-13,-0.08264493,112.181786,0.0,0.0,158.02086
0.0,0.0,117.769135,0.0,0.0,158.55754,-0.7708481,0.68838346,133.17662,0.0,0.0,146.67538
0.0,0.0,124.412964,0.0,0.0,140.08493,-0.113169685,0.11316956,125.14101,0.0,-0.0003521662,147.11662
0.0,0.0,122.906334,0.0,0.0,160.93153,-0.037789077,0.037789036,121.983444,0.0,0.0024501649,155.39908
0.0,0.0,123.270294,0.0,0.0,159.25356,6.131374e-13,-0.07915222,116.32324,0.0,0.0,155.73547
-1.1301127e-11,-2.1241678e-05,88.2406,0.0,0.0,188.25859,0.0,0.0,83.34618,0.0,0.0,204.1385
0.0,0.0,81.802155,0.0,0.0,200.34201,0.0,0.0,76.34909,0.0,0.0,206.46558
-3.662618e-11,-0.0013359389,101.20889,-3.4621882e-11,-0.0009385875,184.68585,-0.0007116683,0.0007116676,80.320465,0.0,0.0,201.62628
0.0,0.0,120.68387,0.0,0.0,161.78824,-0.77085406,0.7740658,127.237816,0.0,0.0014413691,149.48804
3.3751842e-12,-0.0014741299,107.32851,-1.009525e-10,-0.0010069016,177.98755,0.0,0.0005877332,118.96984,0.0,0.0037968033,169.90587
0.0,0.0,80.963135,0.0,0.0,200.2854,0.0,0.0,79.85983,0.0,0.0,202.85376
0.0,0.0,120.586334,0.0,0.0,160.70193,7.1145078e-12,0.0039352956,124.928665,0.0,0.0014694803,150.11343
0.0,0.0,126.98128,0.0,0.0,148.68414,-0.20303094,0.12518156,128.38446,0.0,0.0,152.44556
0.0,0.0,115.768425,0.0,0.0,161.97867,-0.01665499,0.016516028,125.0026,0.0,0.0,134.54774
0.0,0.0,121.290695,0.0,0.0,139.03883,1.037719e-11,7.723426e-12,127.86376,0.0,0.0,137.47256
0.0,0.0,125.47786,0.0,0.0,146.76044,3.2455007e-12,-0.047211774,121.94479,0.0,0.0,148.72641
0.0,0.0,115.97771,0.0,0.0,189.66432,-0.28261197,0.2862167,123.35587,-1.0041976e-11,-0.00023938976,162.72737
0.0,0.0,127.11048,0.0,0.0,152.04977,1.7546272e-14,-0.042128954,112.419395,0.0,0.0,156.3681
0.0,0.0,82.36314,0.0,0.0,194.80873,0.0,0.0,82.36954,0.0,0.0,205.22919
0.0,0.0,129.25253,0.0,0.0,165.42741,-8.19321e-13,-0.05179778,117.962456,0.0,0.0,170.99776
0.0,0.0,131.23091,0.0,0.0,167.4279,1.4621882e-12,7.038081e-13,119.366615,0.0,0.0,173.64548
0.0,0.0,131.41623,0.0,0.0,167.79202,1.2070727e-12,1.6736343e-12,116.79948,0.0,0.0,169.58818
0.0,0.0,130.63774,0.0,0.0,159.48439,-1.3818753e-13,8.1573616e-14,122.1043,0.0,0.0,165.37778
0.0,0.0,81.17224,0.0,0.0,202.15974,0.0,0.0,72.66728,0.0,0.0,211.64075
0.0,0.0,125.65718,0.0,0.0,155.1837,1.9155526e-12,1.9199618e-12,118.35697,0.0,0.0,156.45343
3.9905808e-11,-0.00073924137,83.246544,3.2749928e-11,-0.00012554991,204.07957,-0.0069985096,0.006998503,77.94754,0.0,0.0,202.12859
0.0,0.0,116.6909,0.0,0.0,166.51068,5.905826e-12,2.4333187e-12,130.61836,0.0,0.0,151.37201
0.0,0.0,118.60596,0.0,0.0,162.57489,6.1038266e-12,8.088964e-12,123.2672,0.0,0.00015821093,149.75307
0.0,0.0,119.49113,0.0,0.0,142.2423,-5.113362e-12,0.005749909,122.862564,-5.0252675e-12,0.00012435192,125.652016
0.0,0.0,126.57945,0.0,0.0,164.14153,2.0875621e-12,-0.05393648,118.05481,0.0,0.0,151.52072
0.0,0.0,86.11772,0.0,0.0,188.49902,0.0,0.0,78.43791,0.0,0.0,198.6133
0.0,0.0,121.05168,0.0,0.0,144.92204,-0.19969913,0.19969894,134.21555,0.0,0.0,144.20444
0.0,0.0,128.2156,0.0,0.0,161.381,-6.544546e-12,-0.053826354,116.581436,0.0,0.0,168.31058
5.2679146e-11,6.1968065e-05,77.22614,0.0,0.0,229.16275,1.2456904e-12,-4.741757e-13,69.097404,0.0,0.0,235.55295
6.8312356e-11,-0.0008614962,104.23479,-6.0515785e-12,9.325908e-06,174.3302,8.069275e-12,-2.9395132e-12,78.73552,0.0,0.0,198.93958
0.0,0.0,130.9076,0.0,0.0,163.18503,-3.5172126e-13,-0.07493668,115.75966,0.0,0.0,172.52567
-1.2525819e-11,3.8295875e-05,81.81497,0.0,0.0,203.97147,0.0,0.0,84.22801,0.0,0.0,207.36652
0.0,0.0,123.55847,0.0,0.0,147.03143,-0.43036783,0.43036735,135.5076,0.0,0.0,146.2111
0.0,0.0,124.77133,0.0,0.0,162.61932,1.4426291e-11,-0.05058933,127.19058,0.0,0.0,154.11942
0.0,0.0,131.90059,0.0,0.0,160.51184,-3.1042115e-12,0.0041802824,111.94331,-1.10607435e-11,-5.246648e-05,163.46269
0.0,0.0,125.91252,0.0,0.0,160.15167,3.0036488e-13,-0.08574478,117.608154,0.0,0.0,171.12029
0.0,0.0,111.07964,0.0,0.0,163.93744,2.2810946e-12,0.0009415308,123.08571,0.0,0.0,136.24649
0.0,0.0,130.48349,0.0,0.0,165.92395,-4.190597e-13,-0.07148381,119.14566,0.0,0.0,172.57965
0.0,0.0,80.76557,0.0,0.0,199.90654,0.0,0.0,82.3104,0.0,0.0,205.5879
0.0,0.0,114.597244,0.0,0.0,163.87775,-6.3377446e-12,0.004714941,117.101906,3.8639456e-11,1.9245565e-06,143.90623
0.0,0.0,82.47052,0.0,0.0,200.96681,0.0,0.0,76.34182,0.0,0.0,202.33752
0.0,0.0,79.761986,0.0,0.0,202.55049,0.0,0.0,76.24449,0.0,0.0,203.61147
0.0,0.0,80.88374,0.0,0.0,200.84581,0.0,0.0,81.14113,0.0,0.0,205.8854
0.0,0.0,132.00967,0.0,0.0,163.25143,2.5303266e-12,1.9016893e-12,121.055145,0.0,0.0,168.50058
0.0,0.0,114.47254,0.0,0.0,155.2797,-0.931411,0.933804,134.54932,0.0,0.0,132.5387
0.0,0.0,129.3466,0.0,0.0,149.53574,2.0361054e-12,0.0026224032,114.27598,0.0,0.0,146.51387
7.953005e-11,-0.0003032568,76.86624,0.0,0.0,210.89754,3.7246703e-12,-1.4992105e-12,73.62596,0.0,0.0,206.07011
1.5868036e-11,-0.00022693283,84.00269,0.0,0.0,205.17386,0.0,0.0,65.25946,0.0,0.0,220.09088
0.0,0.0,118.66374,0.0,0.0,164.43047,-3.773112e-12,-0.00056718045,118.20538,0.0,0.0,152.67336
0.0,0.0,116.25873,0.0,0.0,157.28102,-3.4029914e-12,-0.00033168032,122.29872,0.0,0.0006735145,134.30162
0.0,0.0,131.09004,0.0,0.0,167.94934,1.3189596e-12,1.0456652e-12,122.684975,0.0,0.0,175.79965
0.0,0.0,128.9696,0.0,0.0,151.57855,4.7393907e-12,6.8211695e-12,119.13611,0.0,0.0,151.87466
0.0,0.0,123.58438,0.0,0.0,140.47559,-1.3117213,1.3117199,125.35121,0.0,0.0018511761,146.79192
0.0,0.0,81.385666,0.0,0.0,199.50208,0.0,0.0,78.14174,0.0,0.0,202.65872
0.0,0.0,122.89367,0.0,0.0,160.39966,5.2297966e-12,0.008778444,117.8679,-2.2453922e-10,0.0009965014,151.13957
0.0,0.0,83.391655,0.0,0.0,195.48764,0.0,0.0,80.6955,0.0,0.0,202.63464
0.0,0.0,115.95191,0.0,0.0,159.58429,-9.969651e-12,0.002155274,120.59615,0.0,0.0,132.292
0.0,0.0,125.02697,0.0,0.0,159.86218,-3.4293456e-13,-0.09285098,119.36319,0.0,0.0,165.89789
0.0,0.0,114.24835,0.0,0.0,166.65137,-1.879188e-13,0.0008201012,120.33879,0.0,0.0,143.52603
0.0,0.0,81.732956,0.0,0.0,200.15112,0.0,0.0,84.048004,0.0,0.0,195.9238
0.0,0.0,121.85425,0.0,0.0,167.4603,-0.08699757,0.021525852,118.33273,0.0,0.0,164.84814
0.0,0.0,113.04657,0.0,0.0,164.17886,-6.7792924e-12,0.004433763,120.07213,1.2919459e-11,-4.7730486e-05,137.26804
0.0,0.0,115.60391,0.0,0.0,166.22298,-0.17382987,0.17382967,127.1089,0.0,0.0,153.1637
0.0,0.0,128.1523,0.0,0.0,168.52957,-5.739067e-12,-0.052945666,116.24986,0.0,0.0,171.81241
0.0,0.0,82.6039,0.0,0.0,197.01694,0.0,0.0,81.54236,0.0,0.0,200.22444
0.0,0.0,130.5706,0.0,0.0,168.52686,2.7887122e-12,1.8047493e-12,123.14129,0.0,0.0,180.81825
0.0,0.0,83.856064,0.0,0.0,196.99054,0.0,0.0,73.424675,0.0,0.0,210.54605
0.0,0.0,119.94721,0.0,0.0,169.78442,-0.041204758,0.04423008,127.11784,1.3345101e-10,-0.00046205055,147.01707
0.0,0.0,128.71863,0.0,0.0,148.06012,4.0814536e-13,-0.040301442,113.302605,0.0,0.0,154.07747
0.0,0.0,119.16879,0.0,0.0,147.51833,-0.029117849,-0.029382473,133.81822,0.0,0.0,146.86964
0.0,0.0,78.85326,0.0,0.0,208.27592,0.0,0.0,83.0699,0.0,0.0,207.13171
0.0,0.0,122.02477,0.0,0.0,162.12451,3.134283e-12,6.0372566e-12,124.95825,0.0,0.0,163.24188
0.0,0.0,84.24776,0.0,0.0,198.73473,0.0,0.0,70.40697,0.0,0.0,204.90622
0.0,0.0,114.68614,0.0,0.0,168.15625,4.197962e-12,-0.025375124,118.603294,0.0,0.0,155.78598
0.0,0.0,121.47231,0.0,0.0,157.22522,1.4730937e-12,0.003692939,116.71623,-1.0841701e-11,-0.00030451565,147.85509
0.0,0.0,118.38492,0.0,0.0,151.78525,1.9547799e-12,0.0046467646,121.274864,4.933779e-11,-9.5617215e-05,137.49283
0.0,0.0,123.274,0.0,0.0,139.1911,2.842742e-12,-0.04645448,120.67794,0.0,0.0,136.40184
0.0,0.0,118.68979,0.0,0.0,181.36284,2.1685845e-12,-0.04172687,119.71917,0.0,0.0,159.95389
0.0,0.0,78.35297,0.0,0.0,209.45929,0.0,0.0,73.65056,0.0,0.0,203.7456
0.0,0.0,121.51401,0.0,0.0,146.45874,3.1466852e-12,4.1962597e-12,123.612434,0.0,-0.00047192234,145.82118
1.1696975e-10,-0.00017104,76.12645,0.0,0.0,213.43002,7.533747e-12,-3.267096e-12,77.67563,0.0,0.0,205.48785
0.0,0.0,123.1689,0.0,0.0,136.17856,-2.5097216e-12,0.0023741133,128.34889,0.0,0.0,121.16235
0.0,0.0,117.657234,0.0,0.0,168.53452,3.5253376e-13,-0.00062433357,124.69872,0.0,0.00045322877,149.2991
0.0,0.0,129.77052,0.0,0.0,165.4823,-1.4855878e-12,-0.06693557,114.811325,0.0,0.0,168.45009
0.0,0.0,81.35059,0.0,0.0,206.74915,0.0,0.0,80.74256,0.0,0.0,207.61641
0.0,0.0,84.883194,0.0,0.0,195.87564,0.0,0.0,82.65341,0.0,0.0,208.347
0.0,0.0,117.13253,0.0,0.0,166.48293,3.042156e-12,5.0563876e-12,121.89273,0.0,0.0,142.73262
0.0,0.0,125.37161,0.0,0.0,146.35956,-9.989587e-13,-0.037407544,110.90021,0.0,0.0,140.94724
0.0,0.0,129.64989,0.0,0.0,159.49823,5.363516e-13,2.908806e-13,119.17464,0.0,0.0,155.68468
0.0,0.0,127.729195,0.0,0.0,158.34378,2.926132e-12,-0.054218724,117.13217,0.0,0.0,159.00566
0.0,0.0,122.51702,0.0,0.0,145.66824,-9.54641e-12,0.0039261943,118.86598,0.0,0.0014643865,142.21033
0.0,0.0,116.69735,0.0,0.0,165.42787,-0.76501256,0.76501185,138.11433,0.0,0.0,139.45345
0.0,0.0,127.39379,0.0,0.0,152.7386,5.5725806e-12,-0.048258528,118.301125,0.0,0.0,158.04497
0.0,0.0,124.7263,0.0,0.0,163.00815,-1.8657467e-12,-0.00022148187,122.49932,0.0,0.0,148.41449
0.0,0.0,123.97721,0.0,0.0,163.72368,-1.3379556e-12,-9.026116e-13,121.57441,0.0,0.0,162.84439
0.0,0.0,120.93796,0.0,0.0,147.20204,-1.9525576e-11,0.0054311,126.58203,0.0,0.0017961434,134.57855
-5.75246e-12,-0.0011845656,77.49254,8.336691e-13,-0.0015166353,220.19823,-0.00013264673,0.00013264664,80.364456,-2.1425034e-10,0.0020229213,208.6355
0.0,0.0,87.9071,0.0,0.0,194.1904,0.0,0.0,75.73823,0.0,0.0,203.50854
0.0,0.0,124.84589,0.0,0.0,146.18446,1.6992985e-12,2.4074926e-12,124.61915,0.0,0.0,144.31358
-1.2701303e-10,-1.8658367e-05,82.06803,0.0,0.0,211.97997,7.538623e-11,1.7900986e-12,71.68853,0.0,0.0,210.0843
-9.323456e-11,7.060986e-05,86.55307,0.0,0.0,194.13553,2.5519385e-12,-1.7123813e-12,75.12031,0.0,0.0,203.39561
0.0,0.0,123.99373,0.0,0.0,168.76169,1.1674069e-12,1.1919561e-12,121.795006,0.0,0.0,150.90808
1.3116848e-11,-0.0020658157,127.55414,0.0,0.0,159.42918,1.1051386e-11,0.010165272,118.94156,-2.3443298e-11,0.0013248683,152.17352
0.0,0.0,84.07684,0.0,0.0,195.59157,0.0,0.0,71.95938,0.0,0.0,216.04103
0.0,0.0,118.292,0.0,0.0,162.44717,-5.280638e-12,0.0011533551,118.46859,0.0,0.0,143.2254
0.0,0.0,123.15199,0.0,0.0,160.52411,-7.3029966e-13,-0.06986176,120.5341,0.0,0.0,166.6419
0.0,0.0,76.351456,0.0,0.0,223.02551,3.4328956e-11,-2.738892e-12,74.91326,0.0,0.0,208.39151
0.0,0.0,115.40027,0.0,0.0,156.71155,-1.8116265e-12,-0.06566181,132.1219,0.0,0.0,135.76509
1.9692675e-11,-0.0011267953,97.179184,-7.760175e-11,-0.00057384,178.78033,2.0591315e-11,-4.3356265e-12,84.82295,0.0,0.0,190.43343
0.0,0.0,85.266945,0.0,0.0,199.51553,0.0,0.0,68.43361,0.0,0.0,205.8066
0.0,0.0,127.87243,0.0,0.0,156.62088,1.1527496e-12,3.8918356e-13,126.805435,0.0,0.0,149.8094
0.0,0.0,86.42575,0.0,0.0,197.2007,0.0,0.0,74.82406,0.0,0.0,204.3857
0.0,0.0,82.235725,0.0,0.0,192.87315,0.0,0.0,81.566986,0.0,0.0,189.65549
0.0,0.0,120.14484,0.0,0.0,168.27376,-0.26239488,0.2623946,131.70009,0.0,0.0,149.56055
0.0,0.0,79.274704,0.0,0.0,203.27394,0.0,0.0,84.01454,0.0,0.0,198.37563
0.0,0.0,125.990845,0.0,0.0,158.6134,9.839926e-13,3.3242829e-13,117.12081,0.0,0.0,157.78984
-9.2087e-11,-0.0010323627,98.96561,-1.1290914e-10,-0.00037394447,190.2082,2.3188583e-11,-1.6569438e-12,83.18399,0.0,0.0,191.44096
0.0,0.0,120.361824,0.0,0.0,154.62518,1.0589226e-12,0.009038844,114.219124,9.946463e-12,0.0010924629,149.06427
0.0,0.0,114.59627,0.0,0.0,167.80743,-3.7947727e-12,0.0077597327,116.84528,1.5530462e-11,0.0007233071,147.7709
0.0,0.0,81.14056,0.0,0.0,201.81693,0.0,0.0,73.33573,0.0,0.0,213.34839
0.0,0.0,112.63086,0.0,0.0,163.7229,-1.5734853e-13,0.0006972207,120.79796,0.0,0.0,133.27103
0.0,0.0,128.82324,0.0,0.0,162.93274,1.9135078e-12,1.1378703e-12,122.15111,0.0,0.0,159.88243
0.0,0.0,131.55801,0.0,0.0,138.5007,-1.7453315e-12,-0.051992685,112.103424,0.0,0.0,145.3453
0.0,0.0,118.31887,0.0,0.0,148.51953,2.6800719e-12,0.005849875,124.81244,6.310316e-11,0.00014341422,130.77559
0.0,0.0,126.61907,0.0,0.0,162.13281,3.485183e-12,2.7619476e-12,126.52077,0.0,0.0,155.02808
0.0,0.0,125.472496,0.0,0.0,155.03409,3.3484344e-12,0.001120501,119.35678,0.0,0.0,148.47882
0.0,0.0,80.092865,0.0,0.0,202.6921,0.0,0.0,78.622284,0.0,0.0,203.94528
0.0,0.0,117.32083,0.0,0.0,162.90936,4.2971133e-13,0.00798135,114.20343,1.908532e-11,0.00080196,148.06248
-1.4930923e-11,-0.0013107689,90.499466,3.653078e-11,-0.0012006892,193.90588,0.0,0.00037489308,117.12554,0.0,0.003793527,166.66702
0.0,0.0,121.34639,0.0,0.0,170.91272,7.3036694e-13,2.7523118e-12,123.09474,0.0,0.0,143.63724
0.0,0.0,129.13008,0.0,0.0,152.25592,1.0249782e-12,0.0061962763,115.27118,-1.3690703e-11,0.00035163772,146.07317
0.0,0.0,81.933975,0.0,0.0,202.63968,9.159916e-12,-2.9962825e-12,71.915405,0.0,0.0,205.21309
0.0,0.0,83.4268,0.0,0.0,195.28638,0.0,0.0,78.50186,0.0,0.0,206.45476
3.8438485e-11,-0.0009923116,103.05362,-6.213817e-11,-0.00022842972,172.52747,3.991271e-12,7.797201e-14,79.52018,0.0,0.0,192.27722
0.0,0.0,125.487564,0.0,0.0,164.70502,2.1504307e-12,-0.08088734,125.5323,0.0,0.0,168.6278
0.0,0.0,118.630325,0.0,0.0,174.50401,1.2058318e-12,8.102564e-13,128.15141,0.0,0.0,148.94499
0.0,0.0,127.883865,0.0,0.0,164.87755,8.9622054e-13,-0.08688338,115.36833,0.0,0.0,170.52075
0.0,0.0,81.6148,0.0,0.0,204.04192,0.0,0.0,80.498085,0.0,0.0,201.18555
0.0,0.0,118.65574,0.0,0.0,180.91,4.5913853e-13,1.843356e-12,125.76974,0.0,0.0,164.54552
0.0,0.0,131.17365,0.0,0.0,165.36295,2.9625725e-12,2.5338438e-12,120.44941,0.0,0.0,167.19247
-9.5599605e-12,-0.0014095643,100.57067,-1.071764e-11,-0.0010947571,193.9751,-0.00060831197,0.0006083114,86.811714,0.0,0.0,201.9798
0.0,0.0,126.38409,0.0,0.0,156.32831,-1.5187658e-11,0.009029379,114.20098,3.357105e-11,0.0010956227,163.5199
0.0,0.0,129.44817,0.0,0.0,160.23521,2.6789643e-12,1.7266461e-12,119.37087,0.0,0.0,161.84961
0.0,0.0,121.16212,0.0,0.0,146.97269,1.1364458e-11,-0.071591526,121.98048,0.0,0.0,152.278
-1.429275e-10,-0.0007137505,78.13991,1.3632254e-10,-0.00015251416,211.18185,4.129546e-12,-1.5940415e-13,77.32864,0.0,0.0,203.84277
0.0,0.0,80.961075,0.0,0.0,209.73447,0.0,0.0,78.82031,0.0,0.0,220.40479
0.0,0.0,89.016685,0.0,0.0,189.28131,0.0,0.0,78.03418,0.0,0.0,207.64891
0.0,0.0,126.169525,0.0,0.0,163.5007,-2.5951851e-12,0.0013600308,110.49504,0.0,0.0,164.05212
9.897243e-11,6.412701e-05,82.672424,0.0,0.0,202.94325,2.1861226e-11,6.1782556e-13,70.64526,0.0,0.0,207.10649
1.2544911e-11,-0.0010256367,104.19887,-1.9219815e-12,-0.0002602735,181.88062,-0.0072852797,0.007285273,88.760376,0.0,0.0,194.69855
0.0,0.0,130.3558,0.0,0.0,156.91296,2.06886e-12,3.0492163e-12,120.801895,0.0,0.0,164.99915
0.0,0.0,120.640945,0.0,0.0,170.89914,-0.07102224,0.07102217,133.52522,0.0,0.0,153.40411
0.0,0.0,119.93224,0.0,0.0,145.574,4.003569e-12,5.7420197e-12,129.86372,0.0,0.0,131.00876
0.0,0.0,120.57144,0.0,0.0,159.53708,1.0646401e-12,1.4828568e-12,115.14978,0.0,0.0,136.84573
0.0,0.0,115.451775,0.0,0.0,170.54146,-0.8567559,0.7728362,130.62244,0.0,0.0,155.40613
0.0,0.0,126.952896,0.0,0.0,153.93677,3.7839705e-12,-0.043314055,119.185646,0.0,0.0,158.26038
0.0,0.0,125.91529,0.0,0.0,155.0249,-5.645681e-12,-0.058635067,122.293625,0.0,0.0,162.3157
3.327966e-10,-0.00080706575,96.247116,-1.819295e-10,1.8181974e-05,194.21643,1.7007161e-11,-1.9174753e-12,81.20041,0.0,0.0,193.54788
0.0,0.0,126.26659,0.0,0.0,159.16464,1.0408142e-12,2.0256281e-12,124.096436,0.0,0.0,170.0224
0.0,0.0,125.38603,0.0,0.0,159.29996,-0.26183093,0.26183063,124.94445,0.0,-0.00037315453,157.6454
0.0,0.0,121.90255,0.0,0.0,147.05475,2.534815e-12,2.679411e-12,126.566574,0.0,0.0,135.82306
0.0,0.0,122.295265,0.0,0.0,159.03008,2.9150968e-12,3.365583e-12,125.56332,0.0,0.0,153.9516
0.0,0.0,89.27445,0.0,0.0,184.1739,0.0,0.0,81.05748,0.0,0.0,199.02454
0.0,0.0,78.78774,0.0,0.0,216.43259,0.0,0.0,73.453896,0.0,0.0,204.76514
0.0,0.0,86.385765,0.0,0.0,197.45288,0.0,0.0,73.68855,0.0,0.0,207.18217
0.0,0.0,124.78772,0.0,0.0,144.11621,-0.5601616,0.50648016,120.35866,0.0,0.0,143.87701
0.0,0.0,115.31229,0.0,0.0,166.7164,-2.634171,2.634168,138.7725,0.0,0.0,148.63638
0.0,0.0,128.8873,0.0,0.0,167.53671,-0.39368477,0.31583175,121.85339,0.0,0.0,175.69522
0.0,0.0,123.72735,0.0,0.0,158.74681,2.4886326e-12,1.8980483e-12,120.64445,0.0,0.0,148.41072
0.0,0.0,122.28012,0.0,0.0,161.04295,2.905807e-12,-0.043244228,119.07943,0.0,0.0,159.0175
0.0,0.0,124.82032,0.0,0.0,169.94754,1.7621785e-12,2.5395241e-12,120.37299,0.0,0.0,175.57237
0.0,0.0,132.26154,0.0,0.0,161.63116,-5.805898e-13,-6.041885e-13,119.501274,0.0,0.0,175.11694
0.0,0.0,115.35934,0.0,0.0,179.60303,-0.68375164,0.63271075,122.67694,0.0,0.0,158.42851
0.0,0.0,118.785515,0.0,0.0,154.84415,-1.2623178,1.2659676,122.115135,0.0,0.0017319657,136.47028
0.0,0.0,119.179276,0.0,0.0,170.34576,2.7482743e-12,2.2408928e-12,120.531395,0.0,0.0,165.80748
0.0,0.0,123.1958,0.0,0.0,146.65112,-2.527797e-12,0.0021413788,117.98299,0.0,0.0,137.82681
0.0,0.0,115.773964,0.0,0.0,153.45236,5.4402602e-12,0.0070814514,127.45036,5.203013e-11,0.00039503607,131.2809
-7.0964914e-12,-0.0007492798,108.78876,-6.4126673e-12,0.00026005603,173.61566,2.090786e-11,-2.7122232e-12,80.70558,0.0,0.0,184.94919
0.0,0.0,130.51587,0.0,0.0,165.05844,1.0102916e-12,1.3012037e-12,121.53291,0.0,0.0,177.52722
0.0,0.0,114.0157,0.0,0.0,179.90309,-0.4617366,0.46094012,128.00177,0.0,0.0,144.4542
0.0,0.0,79.203224,0.0,0.0,207.52594,0.0,0.0,78.94892,0.0,0.0,214.71048
0.0,0.0,129.48383,0.0,0.0,167.06866,6.81923e-13,-0.07053874,117.95226,0.0,0.0,171.99094
0.0,0.0,127.91831,0.0,0.0,170.79033,1.0674978e-12,9.248286e-13,119.58861,0.0,0.0,174.11055
0.0,0.0,128.83255,0.0,0.0,171.14531,2.2200648e-12,-0.10570373,121.306885,0.0,0.0,178.82394
0.0,0.0,115.246086,0.0,0.0,174.86145,-0.3964627,0.39646232,127.49175,0.0,0.0,151.90378
-1.1918468e-11,-8.571254e-05,81.12693,0.0,0.0,206.92984,0.0,0.0,83.58527,0.0,0.0,212.46649
0.0,0.0,122.04614,0.0,0.0,171.97046,-1.4036721e-12,-1.1521103e-12,123.277596,0.0,0.0,154.55156
1.521662e-13,-0.0001722842,82.57866,0.0,0.0,197.46153,3.4129546e-11,-4.3769983e-12,83.18206,0.0,0.0,187.359
0.0,0.0,119.02983,0.0,0.0,161.43994,-8.766741e-14,0.008733776,116.61432,-4.2975696e-11,0.001001401,150.35767
0.0,0.0,123.6078,0.0,0.0,161.06279,6.228115e-13,1.6970432e-12,125.50214,0.0,0.0,175.53586
0.0,0.0,127.13349,0.0,0.0,145.98425,0.0,-0.04159128,118.853195,0.0,0.0,168.39691
0.0,0.0,129.45387,0.0,0.0,170.4529,2.7293161e-12,1.4479919e-12,123.25418,0.0,0.0,171.50858
0.0,0.0,85.51276,0.0,0.0,200.46968,0.0,0.0,77.04686,0.0,0.0,214.48306
0.0,0.0,118.20479,0.0,0.0,173.34648,7.190866e-12,-0.056698523,123.922745,0.0,0.0,154.24228
-8.524925e-12,0.00027570804,85.54226,0.0,0.0,189.72415,0.0,0.0,84.473236,0.0,0.0,206.20975
0.0,0.0,129.49362,0.0,0.0,168.42796,1.5273969e-12,-0.07525283,119.39873,0.0,0.0,174.0454
0.0,0.0,123.164764,0.0,0.0,163.27782,7.1796714e-12,0.00087133254,122.84451,0.0,0.0009190672,150.38223
0.0,0.0,125.01172,0.0,0.0,164.33151,-7.9955075e-13,-0.06209501,122.49572,0.0,0.0,159.04767
0.0,0.0,79.60561,0.0,0.0,202.93542,0.0,0.0,82.230255,0.0,0.0,204.94734
0.0,0.0,121.21156,0.0,0.0,149.24574,-2.2880777e-12,0.009005105,118.804825,1.777407e-11,0.00091844413,146.74199
0.0,0.0,83.67214,0.0,0.0,198.66232,3.0044547e-11,1.4195686e-12,71.78798,0.0,0.0,206.4869
0.0,0.0,81.81238,0.0,0.0,201.3888,0.0,0.0,80.11092,0.0,0.0,210.3164
6.7867184e-11,3.0382063e-05,78.33686,0.0,0.0,206.43243,3.4563838e-11,-5.1829027e-12,75.377205,0.0,0.0,204.79897
-2.3087253e-11,-0.00078319747,83.18512,3.9734344e-11,-0.00020037036,199.76164,9.87449e-11,-2.0263641e-11,81.55517,0.0,0.0,194.70334
0.0,0.0,126.112366,0.0,0.0,145.9548,1.5166614e-12,-0.049334202,114.62788,0.0,0.0,133.75368
-2.3529389e-11,-0.0012246992,110.19863,-7.2491223e-12,-0.00048345028,174.63136,-0.006216974,0.0062169684,87.4448,0.0,0.0,209.29974
0.0,0.0,129.03876,0.0,0.0,159.83679,-6.1213805e-13,-0.075418144,119.53788,0.0,0.0,165.48631
0.0,0.0,123.19258,0.0,0.0,158.13188,5.537237e-12,0.0081575215,124.00444,0.0,0.002759937,156.34738
0.0,0.0,128.40001,0.0,0.0,160.81348,-5.714621e-12,-0.05956717,120.71305,0.0,0.0,166.91466
0.0,0.0,120.022285,0.0,0.0,172.11414,1.1577247e-12,2.5787176e-12,130.93962,0.0,0.0,158.87909
0.0,0.0,84.7889,0.0,0.0,191.15396,0.0,0.0,82.50369,0.0,0.0,205.10048
0.0,0.0,125.879555,0.0,0.0,157.99364,-1.5128366e-12,-0.041007712,115.6223,0.0,0.0,160.9192
9.053478e-12,-0.0019546882,124.81531,-3.1174365e-11,-0.0009787648,135.27615,-4.2766914e-12,0.01064878,118.52416,5.4101532e-12,0.0012206634,132.85767
0.0,0.0,127.78763,0.0,0.0,161.0154,1.6755556e-13,-0.06969687,117.05605,0.0,0.0,168.89636
-3.636512e-11,-0.00038009588,81.20294,0.0,0.0,223.17915,3.4391223e-12,-3.7759216e-13,69.76966,0.0,0.0,234.23282
0.0,0.0,84.82367,0.0,0.0,190.31665,0.0,0.0,79.97006,0.0,0.0,200.93268
0.0,0.0,111.86016,0.0,0.0,165.3466,3.2453823e-12,0.0017083867,122.83453,0.0,0.0,134.87859
0.0,0.0,116.45685,0.0,0.0,156.66,-0.41920722,0.37396854,127.47666,0.0,0.0,145.87872
0.0,0.0,125.50033,0.0,0.0,171.12245,-7.4832556e-13,-0.038304728,116.674515,0.0,0.0,182.95361
0.0,0.0,117.73389,0.0,0.0,153.6093,-0.95321006,0.9593055,131.36945,-1.2643563e-09,0.00030343872,133.46408
-5.9778155e-11,-0.0009922928,102.05934,-2.5144588e-11,-0.00024069719,185.54086,-0.007691798,0.007691791,92.344696,0.0,0.0,203.29977
0.0,0.0,133.01657,0.0,0.0,161.00021,-3.032055e-13,-2.5130101e-13,119.56593,0.0,0.0,175.04778
0.0,0.0,116.429665,0.0,0.0,153.00201,-0.5959667,0.6039014,129.8545,-7.525071e-11,0.00062086555,138.99452
0.0,0.0,82.380646,0.0,0.0,195.15646,0.0,0.0,83.54382,0.0,0.0,202.82027
0.0,0.0,84.318016,0.0,0.0,188.70613,0.0,0.0,80.64659,0.0,0.0,197.61293
0.0,0.0,115.205536,0.0,0.0,163.39972,-1.7483388e-12,-0.026463157,113.37622,0.0,0.0,145.31706
0.0,0.0,126.34653,0.0,0.0,166.74425,-1.2578657,1.2578644,136.36961,0.0,0.0,156.42714
0.0,0.0,115.466576,0.0,0.0,161.03302,1.5753404e-11,-0.025903324,125.268814,0.0,0.0002757568,140.2729
0.0,0.0,120.17828,0.0,0.0,155.99982,-1.5530688,1.5030849,134.31403,0.0,0.0,149.09087
0.0,0.0,121.0406,0.0,0.0,177.64178,2.9903853e-12,2.7077873e-12,125.70362,0.0,0.0,162.9817
2.2932966e-11,-0.0005196422,77.5557,5.825879e-11,0.00037462913,215.47559,-0.008321582,0.008321575,80.13994,0.0,0.0,214.74973
0.0,0.0,128.22029,0.0,0.0,170.58197,1.0796813e-12,1.1707756e-12,126.62148,0.0,0.0,176.443
0.0,0.0,121.330536,0.0,0.0,157.34544,5.162518e-12,4.3973024e-12,127.8572,0.0,0.0,147.85095
0.0,0.0,84.181656,0.0,0.0,197.50839,0.0,0.0,80.08925,0.0,0.0,203.24576
0.0,0.0,126.957634,0.0,0.0,162.16989,2.916901e-12,2.687686e-12,121.54994,0.0,0.0,175.33395
0.0,0.0,126.410126,0.0,0.0,149.19797,-1.6734586e-11,-0.086167865,117.51247,0.0,0.0,158.3252
3.2617019e-12,-0.00070106995,103.191536,-6.7891274e-12,0.00030724116,182.3258,5.70877e-10,-4.9223646e-11,77.95472,0.0,0.0,200.32254
-4.060876e-11,0.00012715794,88.03719,0.0,0.0,191.36517,7.2138905e-12,-2.1915338e-11,71.088974,0.0,0.0,205.48347
0.0,0.0,122.26291,0.0,0.0,169.73804,1.4577737e-12,1.5821595e-12,124.58038,0.0,0.0,177.07277
0.0,0.0,75.79926,0.0,0.0,208.7062,-1.063717e-12,-8.558729e-13,79.21097,0.0,0.0,195.7912
1.8340263e-11,-0.00067497534,99.54666,-1.7663466e-11,0.0003167604,187.97488,1.1703166e-11,-4.2826978e-13,81.43176,0.0,0.0,195.92853
0.0,0.0,122.06534,0.0,0.0,161.70683,-5.5975146e-13,0.0050024036,124.88807,-4.2299952e-11,-3.3319222e-05,155.71222
-5.6416906e-11,-0.0005949948,101.11309,-1.1066527e-10,0.00047268652,183.12833,2.6292003e-11,-5.101713e-12,77.09718,0.0,0.0,209.6721
0.0,0.0,131.01668,0.0,0.0,168.7783,1.6535125e-12,1.6908739e-12,118.82882,0.0,0.0,172.4375
0.0,0.0,115.33304,0.0,0.0,180.5604,-0.13421,0.13420987,131.11118,0.0,0.0,160.30014
0.0,0.0,81.3793,0.0,0.0,197.79935,0.0,0.0,81.82419,0.0,0.0,204.53482
1.074591e-11,-0.001475845,104.20579,-1.8252018e-11,-0.0010020782,174.25012,-0.00054627325,0.0005462728,79.55712,0.0,0.0,199.18784
0.0,0.0,125.9223,0.0,0.0,164.08987,1.4098687e-12,0.0038216999,115.94349,-2.371759e-12,-0.00026737555,157.42181
0.0,0.0,123.55409,0.0,0.0,144.24736,4.9968822e-12,4.1079935e-12,126.2125,0.0,0.0,145.3012
0.0,0.0,80.41912,0.0,0.0,207.02364,0.0,0.0,72.93722,0.0,0.0,204.85107
0.0,0.0,126.63747,0.0,0.0,150.5748,-6.257051e-13,-0.051375214,120.53631,0.0,0.0,141.88605
0.0,0.0,80.90773,0.0,0.0,195.11055,0.0,0.0,87.55214,0.0,0.0,196.00755
0.0,0.0,79.359505,0.0,0.0,208.10144,0.0,0.0,81.15274,0.0,0.0,214.34506
0.0,0.0,123.191605,0.0,0.0,161.46346,1.867804e-12,1.4962027e-12,116.24711,0.0,0.0,156.08774
0.0,0.0,81.84078,0.0,0.0,198.4382,0.0,0.0,77.476204,0.0,0.0,200.22586
0.0,0.0,80.635216,0.0,0.0,199.55432,0.0,0.0,82.55107,0.0,0.0,203.92783
0.0,0.0,125.49411,0.0,0.0,155.7247,2.481112e-12,3.4145152e-12,122.23985,0.0,0.0,157.3445
0.0,0.0,113.498505,0.0,0.0,163.8025,5.1939503e-12,0.0019711398,121.65408,0.0,0.0,141.32211
0.0,0.0,82.6792,0.0,0.0,206.53018,0.0,0.0,83.67149,0.0,0.0,202.54285
0.0,0.0,133.8754,0.0,0.0,155.30525,0.0,0.0,115.191956,0.0,0.0021235996,164.21448
1.870849e-11,-0.0012279801,81.61784,1.3567475e-10,-0.0013426067,206.1384,-0.00061276834,0.00061276776,96.77947,1.3624019e-12,0.0018172138,176.92587
0.0,0.0,79.96347,0.0,0.0,200.88098,0.0,0.0,84.33259,0.0,0.0,202.7098
0.0,0.0,123.64343,0.0,0.0,151.5581,1.900956e-12,2.3378933e-12,122.63432,0.0,0.0,153.8837
0.0,0.0,124.04382,0.0,0.0,163.30771,1.1431317e-11,0.003990578,117.83537,-1.6112313e-11,-0.00031023583,166.88776
0.0,0.0,80.70308,0.0,0.0,200.83298,0.0,0.0,86.29588,0.0,0.0,194.3135
-2.6323594e-11,-0.00014118342,82.474625,0.0,0.0,203.3972,0.0,0.0,87.8018,0.0,0.0,198.13867
0.0,0.0,123.37806,0.0,0.0,143.21103,0.0,0.0,122.37929,0.0,0.0,158.43546
-2.8672259e-11,-0.001704904,104.32186,1.1817072e-10,-0.0013850597,175.82985,-5.3175866e-12,0.010378306,117.88548,2.5279941e-11,0.0013439576,152.03055
3.2327446e-11,-0.0012225544,81.83913,2.0394558e-10,-0.0012957082,203.10823,-0.0006995107,0.0006995102,87.59511,-1.8548715e-10,0.0020559796,196.33745
0.0,0.0,120.10825,0.0,0.0,177.23746,-6.1175596e-12,-0.07288793,126.37494,0.0,0.0,158.89412
0.0,0.0,122.270775,0.0,0.0,167.51031,1.9300087e-12,1.8432731e-12,127.2686,0.0,0.0,152.90945
2.4007477e-11,-5.842705e-05,82.42999,0.0,0.0,209.41298,0.0,0.0,77.117355,0.0,0.0,217.34428
0.0,0.0,83.42373,0.0,0.0,188.21872,0.0,0.0,80.7541,0.0,0.0,190.03242
0.0,0.0,127.24433,0.0,0.0,154.40437,-1.8229556e-12,0.0075595845,115.279495,2.1848834e-11,0.0006642618,139.12909
0.0,0.0,122.54342,0.0,0.0,169.45403,4.5517474e-12,-0.07241374,127.57472,0.0,0.0,155.27223
0.0,0.0,86.91422,0.0,0.0,185.15222,0.0,0.0,80.93939,0.0,0.0,193.5366
0.0,0.0,78.96205,0.0,0.0,214.10126,0.0,0.0,77.91072,0.0,0.0,216.33562
0.0,0.0,121.007,0.0,0.0,154.88635,2.1212411e-12,-0.06746945,122.761345,0.0,0.0,132.94522
0.0,0.0,78.60831,0.0,0.0,202.8634,0.0,0.0,84.47959,0.0,0.0,204.46094
0.0,0.0,120.47578,0.0,0.0,155.22525,3.1949259e-12,1.82699e-12,135.80864,0.0,0.0,142.03067
9.226738e-12,-0.0019813466,122.338455,3.9458964e-11,-0.0011624838,150.64355,-6.5597766e-12,0.011208524,123.04053,1.01548006e-10,0.0011494551,128.09035
0.0,0.0,128.84245,0.0,0.0,157.45697,-1.8885015e-12,0.007201018,111.10846,1.804814e-11,0.00067988766,160.37067
0.0,0.0,78.60242,0.0,0.0,207.98402,1.9339468e-11,-1.9359462e-12,77.17699,0.0,0.0,201.6322
0.0,0.0,83.054085,0.0,0.0,204.56451,0.0,0.0,71.90227,0.0,0.0,221.30417
0.0,0.0,121.672066,0.0,0.0,170.26181,2.499138e-13,2.0301092e-13,120.120346,0.0,0.0,165.66765
0.0,0.0,76.97366,0.0,0.0,213.70135,0.0,0.0,80.84354,0.0,0.0,225.79434
0.0,0.0,131.52637,0.0,0.0,160.61655,2.0964788e-12,2.5397282e-12,121.506256,0.0,0.0,168.89343
0.0,0.0,77.83079,0.0,0.0,210.2316,0.0,0.0,79.65432,0.0,0.0,215.48643
0.0,0.0,128.90714,0.0,0.0,167.01308,5.339036e-13,1.5933495e-12,122.19449,0.0,0.0,173.26733
0.0,0.0,129.71222,0.0,0.0,138.33601,-3.6049805e-12,-0.000802209,116.524796,0.0,0.0,140.9613
0.0,0.0,80.48957,0.0,0.0,205.68987,0.0,0.0,71.44654,0.0,0.0,207.93932
0.0,0.0,83.33441,0.0,0.0,193.96985,0.0,0.0,81.95369,0.0,0.0,202.30783
-1.6596478e-11,-0.00037490617,80.554535,0.0,0.0,204.24269,5.141702e-12,-1.2065095e-12,75.876915,0.0,0.0,201.72652
0.0,0.0,115.3431,0.0,0.0,166.48607,4.1049763e-12,0.005214066,116.789665,6.984711e-11,0.00015235384,151.89363
3.6420502e-11,-0.0007314787,75.650116,6.590406e-11,-0.000239907,213.55156,6.5696515e-12,-2.4675523e-13,78.33446,0.0,0.0,199.75237
0.0,0.0,129.3157,0.0,0.0,153.25069,2.019799e-12,3.3950772e-12,114.409744,0.0,0.0,150.01285
0.0,0.0,124.854294,0.0,0.0,148.65416,2.5644068e-12,2.649001e-12,126.03443,0.0,0.0,146.38736
0.0,0.0,74.76323,0.0,0.0,215.55061,5.7631634e-12,-7.2674446e-13,74.359886,0.0,0.0,205.6652
0.0,0.0,81.523476,0.0,0.0,202.31891,0.0,0.0,80.25899,0.0,0.0,211.38834
0.0,0.0,130.38658,0.0,0.0,168.50555,2.944024e-12,-0.08838242,118.963196,0.0,0.0,177.85007
0.0,0.0,112.875656,0.0,0.0,163.88644,1.0236098e-11,-0.02614978,125.12218,0.0,0.00017872715,143.70532
0.0,0.0,123.44425,0.0,0.0,154.72734,-0.51361805,0.5136176,126.567085,0.0,0.001422191,150.84619
3.1389479e-12,-0.001952372,122.16347,-9.3642386e-11,-0.0011031564,147.29517,5.0149967e-12,0.010064842,114.14406,-2.5396482e-12,0.0013085089,142.41864
0.0,0.0,120.640274,0.0,0.0,164.5146,-6.470557e-12,-0.073354356,122.04721,0.0,0.0,157.9361
0.0,0.0,84.53792,0.0,0.0,203.603,0.0,0.0,75.64803,0.0,0.0,205.11374
0.0,0.0,87.034485,0.0,0.0,198.08041,0.0,0.0,77.14692,0.0,0.0,214.05817
0.0,0.0,129.30968,0.0,0.0,166.88057,1.1655514e-12,-0.07037427,118.270256,0.0,0.0,175.35378
0.0,0.0,118.28334,0.0,0.0,169.24448,3.4530874e-12,4.3017937e-12,128.61658,0.0,0.0,149.42558
0.0,0.0,131.60722,0.0,0.0,168.09615,2.3814121e-12,1.1710064e-12,121.61658,0.0,0.0,176.78984
0.0,0.0,111.993286,0.0,0.0010423488,167.5867,-0.64525235,0.654419,134.30238,1.6547028e-10,0.000820311,134.51144
-2.1013044e-11,-0.0005603673,81.83704,3.1789016e-12,0.00032090623,205.08423,-0.009966935,0.009966927,86.525665,0.0,0.0,206.75613
0.0,0.0,86.93795,0.0,0.0,193.1087,0.0,0.0,78.37274,0.0,0.0,199.94301
0.0,0.0,117.74216,0.0,0.0,157.20087,-6.1296085e-12,0.005732943,116.2774,-3.188252e-11,0.0002573703,143.61514
0.0,0.0,117.51036,0.0,0.0,159.51872,-0.08968224,0.09407838,127.598915,3.389044e-11,-0.00011257013,140.28725
0.0,0.0,128.86967,0.0,0.0,145.86053,1.7307603e-12,2.1736124e-12,113.76377,0.0,0.0,150.24744
0.0,0.0,128.34879,0.0,0.0,170.47867,-1.4850742e-12,-0.10227368,119.68009,0.0,0.0,176.09587
0.0,0.0,126.54586,0.0,0.0,152.12617,8.1957986e-13,-0.076049894,116.34828,0.0,0.0,162.12238
4.0307735e-12,-0.00095008645,81.28288,2.1904364e-11,-0.0006840222,205.40506,-0.005472811,0.0054728063,83.845436,0.0,0.0,210.86626
0.0,0.0,82.74543,0.0,0.0,192.05417,0.0,0.0,84.33384,0.0,0.0,192.40607
0.0,0.0,121.25398,0.0,0.0,166.73416,-3.292539e-12,-0.06891547,125.123474,0.0,0.0,143.3951
0.0,0.0,117.2782,0.0,0.0,156.00482,-0.6201512,0.5879179,129.43698,0.0,-0.00044671935,142.14502
0.0,0.0,120.65796,0.0,0.0,167.5444,5.4095435e-12,5.934231e-12,126.40816,0.0,0.0,148.86473
0.0,0.0,81.04298,0.0,0.0,199.8797,0.0,0.0,82.56202,0.0,0.0,198.11205
0.0,0.0,123.519516,0.0,0.0,156.40166,3.920993e-13,-0.060969405,119.571594,0.0,0.0,169.1297
0.0,0.0,117.45899,0.0,0.0,161.92609,-0.9175433,0.87260103,131.71146,0.0,0.0,149.99052
0.0,0.0,116.88341,0.0,0.0,154.07993,-8.4670996e-13,-0.00047835623,118.601494,0.0,0.0,133.85912
0.0,0.0,116.274506,0.0,0.0,164.067,-0.40698647,0.3609198,132.03024,0.0,0.0,145.75833
0.0,0.0,80.645,0.0,0.0,197.6217,0.0,0.0,82.18032,0.0,0.0,203.92303
0.0,0.0,129.57611,0.0,0.0,169.67415,2.055639e-12,-0.09234067,123.87732,0.0,0.0,167.89452
0.0,0.0,84.325294,0.0,0.0,188.84056,0.0,0.0,80.785095,0.0,0.0,199.69577
0.0,0.0,112.93213,0.0,0.0,166.12686,-2.4470781e-12,-0.001192344,122.47196,0.0,0.0,138.86484
0.0,0.0,122.6039,0.0,0.0,158.44452,8.760177e-12,1.0080511e-11,129.29431,0.0,0.0,148.22661
0.0,0.0,130.09732,0.0,0.0,163.30295,9.24305e-13,-0.06930578,117.791405,0.0,0.0,170.14862
0.0,0.0,109.66994,0.0,0.0,168.09918,-0.73062295,0.7369255,134.93616,6.2993444e-11,0.00025237273,137.74237
0.0,0.0,121.73384,0.0,0.0,174.19365,-1.847669e-12,-0.060241982,118.89937,0.0,0.0,169.69724
5.2811658e-11,-0.00094175036,75.7179,1.3227431e-09,-0.00085295434,219.16525,1.1406785e-12,-2.5361655e-13,71.5217,0.0,0.0,208.79407
0.0,0.0,130.96709,0.0,0.0,163.28996,7.547718e-12,-0.03782797,119.10225,0.0,0.0,162.28052
0.0,0.0,111.50062,0.0,0.0,164.19243,9.758139e-13,0.004315271,123.61436,2.2606554e-12,-0.0001704425,140.04988
0.0,0.0,130.75151,0.0,0.0,157.1439,1.3581232e-11,1.3621464e-11,123.617874,0.0,0.0,160.08002
0.0,0.0,124.44032,0.0,0.0,154.05472,-0.7215123,0.72151154,126.48736,0.0,-0.0002285198,152.57077
0.0,0.0,122.95549,0.0,0.0,157.32843,-2.8695906e-12,-0.00082266453,124.52717,0.0,0.0,142.3651
1.9442392e-11,-0.0010882334,78.39191,6.1326326e-12,-0.0011299751,209.65402,-0.0006667813,0.0006667807,72.247635,0.0,0.0,207.3165
-1.2332751e-10,-0.0013659899,104.86595,-9.78803e-12,-0.00081551494,182.56781,3.5261693e-11,-1.2615568e-12,80.69907,0.0,0.0,198.68523
-1.602147e-11,-0.0010807049,105.90816,-4.168483e-11,-0.00032269186,182.79054,3.5942877e-11,-9.638594e-12,81.10673,0.0,0.0,201.46182
0.0,0.0,125.09471,0.0,0.0,165.07343,4.1208933e-12,3.679996e-12,130.79356,0.0,0.0,143.64172
0.0,0.0,80.64309,0.0,0.0,204.03406,0.0,0.0,81.4896,0.0,0.0,204.30586
0.0,0.0,83.27031,0.0,0.0,189.10239,0.0,0.0,82.38891,0.0,0.0,193.60146
0.0,0.0,79.73384,0.0,0.0,205.07523,0.0,0.0,76.935394,0.0,0.0,210.12326
0.0,0.0,130.37115,0.0,0.0,168.93921,5.323811e-13,3.799485e-13,121.969765,0.0,0.0,172.55186
0.0,0.0,127.74689,0.0,0.0,162.45831,1.4232225e-12,1.2670906e-12,112.510025,0.0,0.0,160.53516
0.0,0.0,125.92868,0.0,0.0,175.7618,1.791293e-13,1.1573165e-12,127.96361,0.0,0.0,180.76068
0.0,0.0,117.46211,0.0,0.0,168.10228,2.1529054e-13,-0.083790705,128.11374,0.0,0.0,152.8179
0.0,0.0,79.18974,0.0,0.0,203.84962,0.0,0.0,82.02232,0.0,0.0,195.62619
0.0,0.0,77.44156,0.0,0.0,205.5568,0.0,0.0,83.082016,0.0,0.0,208.53569
0.0,0.0,84.65045,0.0,0.0,192.44788,0.0,0.0,82.39968,0.0,0.0,203.7431
0.0,0.0,131.68982,0.0,0.0,174.7551,1.5733129e-12,9.9451e-13,119.43466,0.0,0.0,181.30496
0.0,0.0,82.012314,0.0,0.0,202.43243,0.0,0.0,78.95258,0.0,0.0,206.83475
0.0,0.0,113.1329,0.0,0.0,166.3829,-4.303451e-12,0.0014830227,119.13962,0.0,0.0,144.86061
0.0,0.0,121.9053,0.0,0.0,176.83774,-1.1522355,1.0624816,126.91763,0.0,0.0,167.32855
0.0,0.0,122.65996,0.0,0.0,171.77844,1.356349e-12,7.6398463e-13,125.40734,0.0,0.0,151.00182
0.0,0.0,120.731995,0.0,0.0,160.02036,-1.4699662,1.4699645,136.11258,0.0,0.0,147.7777
0.0,0.0,81.66294,0.0,0.0,194.44832,0.0,0.0,85.73432,0.0,0.0,199.09349
0.0,0.0,122.779144,0.0,0.0,147.64159,2.467e-12,0.0020536478,119.56165,0.0,0.0,135.88521
0.0,0.0,124.690475,0.0,0.0,142.56732,9.275282e-15,0.00034488653,118.08409,0.0,0.0,138.4462
0.0,0.0,128.79005,0.0,0.0,158.62238,1.2464782e-12,-0.057316218,117.71,0.0,0.0,162.75967
0.0,0.0,130.53479,0.0,0.0,168.00113,2.8765029e-12,1.7624947e-12,123.99583,0.0,0.0,175.87813
0.0,0.0,82.070435,0.0,0.0,200.16205,0.0,0.0,80.05711,0.0,0.0,201.938
-5.2552677e-11,-5.3455118e-05,85.042946,0.0,0.0,196.61948,0.0,0.0,78.51321,0.0,0.0,193.71185
0.0,0.0,118.239174,0.0,0.0,153.24812,-0.01561523,0.015615214,131.46121,0.0,-2.7946853e-05,139.31778
0.0,0.0,132.4798,0.0,0.0,144.13638,2.4632507e-12,-0.04520371,110.24421,0.0,0.0,148.53116
0.0,0.0,128.40948,0.0,0.0,170.31152,7.799783e-13,-0.09843601,120.25687,0.0,0.0,175.87128
0.0,0.0,82.25804,0.0,0.0,206.25182,0.0,0.0,71.93355,0.0,0.0,211.71709
-3.1332433e-11,-0.00075658463,104.56976,-5.473262e-11,0.00023533884,175.96733,-0.010910889,0.01091088,97.70324,0.0,0.0,186.98773
0.0,0.0,130.35686,0.0,0.0,165.48822,-6.9405354e-12,-0.06512146,119.6795,0.0,0.0,170.69058
0.0,0.0,79.971954,0.0,0.0,205.20805,0.0,0.0,77.87764,0.0,0.0,206.71103
0.0,0.0,112.94548,0.0,0.0,164.27487,-3.5608573e-12,0.00877441,119.37176,-1.0165995e-11,0.0009470006,141.62045
0.0,0.0,131.42366,0.0,0.0,169.63408,-0.17183405,0.17183387,126.86707,0.0,0.0,171.03317
0.0,0.0,129.57191,0.0,0.0,166.74532,2.0738144e-12,1.6649116e-12,123.41263,0.0,0.0,176.68167
0.0,0.0,114.81087,0.0,0.0,171.06407,-1.0892261,1.0304629,130.33682,0.0,0.0,145.65436
0.0,0.0,130.29832,0.0,0.0,166.93512,4.6888036e-12,4.29279e-12,127.442795,0.0,0.0,165.65605
0.0,0.0,82.35649,0.0,0.0,198.18445,0.0,0.0,82.84685,0.0,0.0,199.00116
0.0,0.0,114.765594,0.0,0.0,168.35283,3.5423466e-11,-0.031066336,119.52591,0.0,0.0,164.55748
0.0,0.0,115.16568,0.0,0.0,167.19833,6.232807e-13,-0.024605475,120.2825,0.0,0.0,150.76624
0.0,0.0,103.429756,-1.0938907e-10,0.00060209294,184.50659,3.200659e-11,-3.4869716e-12,78.8674,0.0,0.0,202.72522
9.291647e-12,-0.0010947951,103.49084,-7.104573e-11,-0.00035294853,180.75768,-0.0064748405,0.006474835,83.471054,0.0,0.0,202.90565
1.7253567e-11,-0.00093137554,75.945404,1.406074e-10,-0.00079181563,212.96979,8.218214e-12,-1.3552669e-12,71.918976,0.0,0.0,209.80034
0.0,0.0,115.34889,0.0,0.0,162.21361,2.256638e-12,-0.027106363,115.74065,0.0,0.0,146.09328
0.0,0.0,126.59218,0.0,0.0,166.54305,-0.9350822,0.93508124,135.67938,0.0,0.0,155.87476
0.0,0.0,118.30493,0.0,0.0,158.6811,-0.45398486,0.3726298,132.70078,0.0,0.0,143.5298
0.0,0.0,127.327385,0.0,0.0,168.1212,-0.6735692,0.67356855,134.94873,0.0,0.0,159.56201
0.0,0.0,117.86749,0.0,0.0,158.01431,4.1240093e-12,3.5686872e-12,135.0748,0.0,0.0,138.67957
0.0,0.0,127.21619,0.0,0.0,164.65717,-2.6685897e-11,-0.044258803,119.88377,0.0,0.0,162.14896
0.0,0.0,125.791855,0.0,0.0,148.42393,0.0,0.0,119.74095,0.0,2.5133986e-05,170.85751
0.0,0.0,133.08066,0.0,0.0,167.05884,1.6162362e-12,1.0775236e-12,116.57403,0.0,0.0,176.61761
0.0,0.0,116.01646,0.0,0.0,178.75864,3.5173466e-12,-0.04557003,123.606995,0.0,0.0,156.94543
0.0,0.0,120.74009,0.0,0.0,170.60101,-1.8095626e-12,-1.0063866e-12,125.27986,0.0,0.0,178.41595
0.0,0.0,120.80563,0.0,0.0,159.21939,0.0,0.0,118.506805,0.0,0.0017836236,170.11862
0.0,0.0,115.94399,0.0,0.0,183.2714,1.3531319e-14,0.000708067,125.7045,0.0,0.0,156.26395
0.0,0.0,112.89438,0.0,0.0,165.77335,4.9439047e-12,0.009854398,121.53328,1.827017e-11,0.0011013495,146.01309
0.0,0.0,78.763306,0.0,0.0,200.14854,0.0,0.0,85.15489,0.0,0.0,197.2882
-1.5053025e-11,-0.0011487168,82.98855,3.160748e-11,-0.00108887,209.29779,7.0453877e-12,-1.558144e-12,74.91776,0.0,0.0,218.33243
0.0,0.0,117.82913,0.0,0.0,160.427,2.9203703e-12,5.6813738e-12,126.583496,0.0,-0.0003406693,144.73878
-3.9459644e-11,-0.0012919907,86.79813,1.0090466e-10,-0.001174745,185.31226,-0.00077373534,0.0007737347,90.65307,-5.497896e-11,0.001977495,187.8827
0.0,0.0,123.33793,0.0,0.0,155.13266,6.499796e-12,-0.029991236,119.59171,0.0,-0.00036029302,157.55215
-6.990932e-11,-0.0003410501,78.22508,0.0,0.0,209.11177,1.2655038e-11,-1.0234866e-12,81.97297,0.0,0.0,190.68773
0.0,0.0,120.545006,0.0,0.0,172.0653,2.861726e-12,3.5588516e-12,131.25734,0.0,0.0,154.79584
0.0,0.0,84.87678,0.0,0.0,193.07785,0.0,0.0,78.00315,0.0,0.0,202.79391
-7.755813e-12,-0.000800143,103.690186,-7.737359e-11,0.00016105588,182.46147,5.5866596e-12,-4.7447067e-13,78.2406,0.0,0.0,192.0101
0.0,0.0,123.08712,0.0,0.0,172.61763,-2.9026206e-12,-0.090083286,123.15268,0.0,0.0,158.14969
0.0,0.0,122.45048,0.0,0.0,173.65134,2.444052e-12,0.005695378,120.79706,5.4162876e-11,0.0001628739,169.14722
0.0,0.0,114.40112,0.0,0.0,168.82011,3.6935793e-12,3.8245834e-12,120.82238,0.0,0.0,147.3233
2.4893393e-11,-0.0014149314,97.24165,-1.5026676e-10,-0.0011199687,187.34277,-0.00052494195,0.0005249415,80.60579,0.0,0.0,203.65654
0.0,0.0,129.26202,0.0,0.0,161.70058,2.2148557e-12,1.9125584e-12,121.31226,0.0,0.0,164.11078
0.0,0.0,78.26314,0.0,0.0,207.96028,1.7637027e-11,-8.482348e-13,71.34484,0.0,0.0,211.94495
0.0,0.0,114.72479,0.0,0.0,161.61023,3.4503466e-12,0.0018460402,125.217735,0.0,0.0,139.26678
0.0,0.0,131.58076,0.0,0.0,165.04195,2.95727e-12,2.2755255e-12,120.250854,0.0,0.0,167.77336
0.0,0.0,80.02349,0.0,0.0,206.58456,0.0,0.0,75.59128,0.0,0.0,210.3562
0.0,0.0,125.22191,0.0,0.0,144.34818,-0.13307019,0.08546722,125.727455,0.0,0.0,150.15955
0.0,0.0,128.57349,0.0,0.0,161.33147,-5.4247214e-12,-0.06747537,118.11063,0.0,0.0,164.59134
0.0,0.0,125.27991,0.0,0.0,141.80978,-0.95380133,0.9538003,124.19977,0.0,0.0025314337,148.23167
0.0,0.0,125.08076,0.0,0.0,171.2584,-1.448483,1.399902,127.057,0.0,0.0,174.43306
0.0,0.0,129.081,0.0,0.0,151.60327,-0.03994258,0.0063643954,118.15048,0.0,0.0,152.14561
0.0,0.0,123.75634,0.0,0.0,171.50928,-0.089152634,0.089152545,119.44417,0.0,0.0,172.91183
4.710842e-12,-0.000346457,89.32987,0.0,0.0,189.3612,1.3337148e-10,-9.797554e-12,74.5244,0.0,0.0,199.82126
0.0,0.0,123.2158,0.0,0.0,164.64357,2.3586727e-12,1.2130603e-12,122.38079,0.0,0.0,162.32445
0.0,0.0,120.79604,0.0,0.0,164.89352,-0.7952846,0.79528385,130.24426,0.0,0.0,149.97105
0.0,0.0,123.369934,0.0,0.0,175.16452,-0.6946318,0.602196,123.59436,0.0,0.0,168.77502
0.0,0.0,124.790726,0.0,0.0,166.64177,2.1503114e-12,1.3253422e-12,121.48536,0.0,0.0,171.80327
0.0,0.0,128.88254,0.0,0.0,163.95917,1.2157214e-12,5.4086217e-13,121.78906,0.0,0.0,173.53973
0.0,0.0,81.59857,0.0,0.0,207.10175,0.0,0.0,80.26161,0.0,0.0,207.72351
0.0,0.0,115.67735,0.0,0.0,166.53677,-0.42027372,0.4202733,131.67189,0.0,0.0,143.95554
0.0,0.0,115.806076,0.0,0.0,157.65373,-2.0898045e-12,0.0016072392,124.929214,0.0,0.0,127.77045
0.0,0.0,132.62717,0.0,0.0,149.17712,2.0351613e-12,3.2616542e-12,116.741104,0.0,0.0,155.32205
0.0,0.0,131.93521,0.0,0.0,161.97461,1.9198998e-12,1.2079358e-12,121.81163,0.0,0.0,169.42322
0.0,0.0,117.4229,0.0,0.0,164.3111,-0.16561899,0.12793872,126.80098,0.0,0.0,152.82133
6.5189893e-12,-0.00094421493,100.57234,-1.3352998e-10,-0.00012175676,189.66597,1.405836e-10,-1.0158702e-11,73.14096,0.0,0.0,209.06378
0.0,0.0,115.564026,0.0,0.0,161.51869,-1.565844e-12,0.0065130377,116.63362,-2.0947152e-11,0.0004895589,142.99141
0.0,0.0,126.733765,0.0,0.0,165.37488,-0.11941514,0.06086581,122.719666,0.0,0.0,163.38168
0.0,0.0,115.91018,0.0,0.0,165.94887,7.030597e-13,0.0043818573,116.68524,2.4180002e-11,5.0865063e-05,152.13326
-1.2559405e-11,-0.0018187729,107.08275,0.0,0.0,175.87517,6.4697544e-12,0.00962047,115.766075,-1.5242706e-11,0.0014200471,158.24326
0.0,0.0,84.15567,0.0,0.0,199.99127,0.0,0.0,73.81002,0.0,0.0,211.35605
0.0,0.0,129.78111,0.0,0.0,170.23775,1.4783651e-12,2.8731791e-12,121.48183,0.0,0.0,174.20052
0.0,0.0,84.72798,0.0,0.0,191.8906,0.0,0.0,83.06433,0.0,0.0,200.35478
0.0,0.0,118.22293,0.0,0.0,153.24072,-1.2081813,1.2157005,125.33131,-9.211322e-11,0.0007298518,136.77502
8.799188e-12,-0.00021101287,78.497986,0.0,0.0,209.51247,0.0,0.0,81.35494,0.0,0.0,211.90851
0.0,0.0,120.33507,0.0,0.0,170.18074,-0.5665173,0.53013986,124.79431,0.0,0.0,154.32767
0.0,0.0,124.89297,0.0,0.0,159.38516,-0.2580381,0.2580378,123.99642,0.0,0.0031851002,158.04268
0.0,0.0,81.10592,0.0,0.0,195.15955,0.0,0.0,83.26041,0.0,0.0,195.93066
0.0,0.0,112.01665,0.0,0.0,164.0644,4.121557e-12,0.009132762,120.59409,1.4630342e-11,0.0010777772,142.88756
0.0,0.0,116.99848,0.0,0.0,170.83107,-0.43784106,0.43784058,130.61555,0.0,0.0,147.49403
0.0,0.0,121.3511,0.0,0.0,159.74855,5.0734217e-12,0.0087461425,120.23759,-6.492349e-11,0.0009460787,140.08154
0.0,0.0,116.84091,0.0,0.0,164.87454,-0.27752775,0.20876926,128.45477,0.0,0.0,145.50764
-4.487297e-10,-0.0006955905,87.56116,2.5066903e-11,0.00017062515,196.27567,-0.009933509,0.0099335,91.3971,0.0,0.0,195.49036
0.0,0.0,126.42851,0.0,0.0,161.87468,7.775288e-12,1.0632349e-11,125.921844,0.0,0.0,156.98622
3.693184e-11,-0.0008655308,101.28063,-1.8563892e-11,3.5047276e-05,187.18167,-0.008204492,0.008204484,81.678635,0.0,0.0,203.48755
-9.958892e-12,-0.0012520304,83.88727,3.1942914e-11,-0.0012659645,200.97348,-0.0007992045,0.00079920376,81.715996,-4.0092436e-11,0.00207147,192.64963
0.0,0.0,117.28108,0.0,0.0,179.98405,3.4686325e-12,2.9039319e-12,127.13638,0.0,0.0,168.85645
0.0,0.0,123.09246,0.0,0.0,160.09012,1.38601075e-11,0.0056221196,122.31042,0.0,0.0022106387,154.77866
0.0,0.0,116.53232,0.0,0.0,158.05498,-1.075125,1.0142037,134.78194,0.0,0.0,142.95183
0.0,0.0,116.81149,0.0,0.0,160.3591,1.7899077e-12,0.002558462,118.679825,0.0,0.0,144.24173
0.0,0.0,128.7167,0.0,0.0,166.5137,7.185029e-13,5.728637e-13,125.53124,0.0,0.0,170.99991
0.0,0.0,122.10492,0.0,0.0,148.01263,2.5443447e-12,2.5474683e-12,122.446625,0.0,0.0,140.55388
0.0,0.0,118.75838,0.0,0.0,172.79688,2.203378e-12,1.5651457e-12,129.12294,0.0,0.0,152.83014
0.0,0.0,79.688515,0.0,0.0,198.71182,0.0,0.0,84.97269,0.0,0.0,202.70705
0.0,0.0,128.14217,0.0,0.0,163.89122,1.2448686e-11,-0.0653781,120.14622,0.0,0.0,168.95593
3.4150285e-12,-0.0006227365,79.46069,4.4413175e-11,0.00016397983,211.39787,-0.009456325,0.009456316,85.66228,0.0,0.0,207.81488
0.0,0.0,116.57289,0.0,0.0,171.74799,-9.528916e-12,-0.07112331,129.31044,0.0,0.0,151.84071
0.0,0.0,81.87106,0.0,0.0,191.75148,0.0,0.0,85.210815,0.0,0.0,196.92377
0.0,0.0,120.2636,0.0,0.0,160.58267,-0.6786748,0.6786741,131.13339,0.0,0.0031661845,149.56139
1.7136334e-11,-0.001133514,101.14116,-7.4102516e-11,-0.00046734884,183.91844,8.645208e-12,-1.7799462e-13,83.155205,0.0,0.0,190.39711
1.4202408e-11,-0.00012649786,79.4844,0.0,0.0,212.57819,0.0,0.0,81.47262,0.0,0.0,216.93265
0.0,0.0,117.70203,0.0,0.0,174.98415,4.9289323e-12,-0.05997234,124.89994,0.0,0.0,153.1857
0.0,0.0,128.08144,0.0,0.0,158.89331,5.0482322e-12,-0.09791204,116.528244,0.0,0.0,163.008
0.0,0.0,124.228134,0.0,0.0,159.99672,4.6409964e-12,0.0009435026,125.62603,0.0,0.0,138.31517
0.0,0.0,80.75925,0.0,0.0,201.87225,0.0,0.0,83.13122,0.0,0.0,210.63475
0.0,0.0,120.2453,0.0,0.0,158.67249,-4.76437e-13,-3.258979e-05,117.161476,0.0,0.0,147.00589
0.0,0.0,78.66,0.0,0.0,207.9447,0.0,0.0,84.41776,0.0,0.0,209.81163
0.0,0.0,119.85824,0.0,0.0,177.04953,3.4376818e-12,2.5539325e-12,131.5123,0.0,0.0,164.32861
0.0,0.0,125.51407,0.0,0.0,148.18182,6.028375e-13,0.0071589584,114.89547,-5.5333522e-11,0.00058454834,149.68646
0.0,0.0,82.188965,0.0,0.0,207.36917,2.254257e-13,-1.1751624e-13,66.72311,0.0,0.0,209.485
0.0,0.0,119.6444,0.0,0.0,152.24202,1.94491e-12,3.0828205e-12,116.22756,0.0,0.0,138.69522
0.0,0.0,80.56993,0.0,0.0,203.77335,0.0,0.0,82.31693,0.0,0.0,208.87616
0.0,0.0,129.65224,0.0,0.0,166.56851,2.5319722e-12,1.3349674e-12,122.94778,0.0,0.0,175.4433
0.0,0.0,82.52357,0.0,0.0,191.21208,0.0,0.0,82.31522,0.0,0.0,199.40489
0.0,0.0,130.14902,0.0,0.0,167.84433,-8.1925374e-13,-0.07314044,118.91881,0.0,0.0,170.56303
0.0,0.0,125.52421,0.0,0.0,165.79654,1.3927223e-11,0.0059513636,124.031136,0.0,0.0023897237,161.1316
0.0,0.0,83.287735,0.0,0.0,187.61858,0.0,0.0,80.70329,0.0,0.0,197.25615
0.0,0.0,120.5493,0.0,0.0,174.34738,-0.21913058,0.22413668,124.86106,3.721568e-10,0.00010741468,157.48495
0.0,0.0,124.90719,0.0,0.00058197277,149.00224,0.0,0.0,119.96553,0.0,0.002964644,156.55704
9.092699e-12,-0.0009215757,75.97414,1.225414e-10,-0.000652355,213.00157,3.5937974e-12,-1.0589307e-12,72.507645,0.0,0.0,209.78957
2.4213008e-11,-0.0019830375,115.93164,-3.5724035e-11,-0.0013111946,163.94568,-0.31098998,0.32112658,116.20589,4.0203185e-11,0.0015454931,151.45532
-1.5477357e-11,-0.0011971353,81.4494,5.987196e-11,-0.0011558027,203.34312,2.7441812e-12,-8.496622e-14,82.41876,0.0,0.0,184.25528
0.0,0.0,122.620575,0.0,0.0,158.61464,1.7362586e-12,4.6743204e-12,123.08859,0.0,0.0,159.00534
0.0,0.0,82.94388,0.0,0.0,192.92111,0.0,0.0,80.48623,0.0,0.0,203.80165
0.0,0.0,115.30681,0.0,0.0,165.8145,-1.4898008,1.4920092,134.29012,4.6419743e-11,-0.0004197248,133.54814
0.0,0.0,130.78325,0.0,0.0,164.05115,2.4090196e-12,2.0313963e-12,120.00525,0.0,0.0,174.99352
0.0,0.0,85.761215,0.0,0.0,193.2052,0.0,0.0,81.254005,0.0,0.0,203.32477
0.0,0.0,127.8925,0.0,0.0,159.09648,1.6449206e-12,2.2229182e-12,121.658554,0.0,0.0,163.82812
0.0,0.0,118.57444,0.0,0.0,153.68684,2.5573172e-12,0.0030141873,121.40637,0.0,0.0019328182,149.61554
1.4805261e-11,-0.00082476565,78.962585,5.831792e-11,-0.00027747452,205.41673,-0.0070182257,0.007018219,80.90985,0.0,0.0,197.88225
0.0,0.0,124.485664,0.0,0.0,151.30736,-1.0153847,1.0224484,124.0784,3.919605e-10,0.0006672355,145.45511
0.0,0.0,121.80786,0.0,0.0,147.23781,-0.749508,0.7270536,123.26561,0.0,0.0,141.03299
0.0,0.0,127.303764,0.0,0.0,162.72688,-1.0266298,0.9559911,120.9856,0.0,0.0,164.54062
2.1602997e-11,-0.00058199116,81.18834,1.1266723e-10,0.0003890809,204.87357,2.3358667e-11,-3.1659829e-12,71.89761,0.0,0.0,212.30008
0.0,0.0,130.5377,0.0,0.0,164.03198,-0.09422563,0.09422554,122.043144,0.0,0.0,172.53006
0.0,0.0,127.427025,0.0,0.0,156.72977,5.3440147e-12,3.6457573e-12,121.61853,0.0,0.0,161.47368
0.0,0.0,123.33267,0.0,0.0,156.30754,-0.5157738,0.52224964,115.401985,4.878189e-10,0.00070381904,153.42961
0.0,0.0,116.62273,0.0,0.0,157.02896,-1.903379,1.882533,124.181984,0.0,0.0,132.88727
0.0,0.0,123.16551,0.0,0.0,174.69879,-0.5944513,0.5147573,122.7547,0.0,0.0,159.91504
0.0,0.0,115.92517,0.0,0.0,163.91199,-0.24163663,0.24507342,121.364456,-3.716414e-11,-0.00015598162,143.98956
0.0,0.0,82.65198,0.0,0.0,196.63094,0.0,0.0,82.97534,0.0,0.0,191.5476
0.0,0.0,123.915215,0.0,0.0,151.28075,-0.70851356,0.7085128,128.4826,0.0,0.0,143.9386
0.0,0.0,82.60538,0.0,0.0,198.47867,0.0,0.0,81.72836,0.0,0.0,200.32367
0.0,0.0,118.45432,0.0,0.0,151.66125,-0.87395835,0.8404263,123.39665,0.0,0.0,137.39197
0.0,0.0,130.00896,0.0,0.0,164.86984,-0.6081947,0.5371668,119.59462,0.0,0.0,171.9479
3.1904455e-11,-0.0007387211,83.06171,1.1053787e-11,3.78937e-05,202.38268,-0.008437448,0.008437441,83.31328,0.0,0.0,205.32774
-2.1382573e-11,-0.0005650548,83.66443,3.6698287e-11,0.00047747727,201.70343,-0.0109677855,0.010967776,87.64619,0.0,0.0,203.87779
-1.6680643e-11,-0.0007420092,85.48824,2.9444183e-11,8.852465e-05,200.57858,-0.009145652,0.0091456445,86.791794,0.0,0.0,196.15572
0.0,0.0,79.552185,0.0,0.0,198.7538,0.0,0.0,86.432465,0.0,0.0,196.63696
1.0475077e-11,0.00019434467,82.566284,0.0,0.0,193.53366,0.0,0.0,82.676926,0.0,0.0,201.47757
1.28682e-11,-0.0010586629,104.29368,-5.4100474e-11,-0.0001948766,182.1395,7.3677765e-12,-6.946066e-13,71.648735,0.0,0.0,209.70682
0.0,0.0,116.72016,0.0,0.0,177.70892,-1.0212045,0.9344094,124.325676,0.0,0.0,156.66054
0.0,0.0,117.97269,0.0,0.0,153.98878,-2.510041,2.51853,129.27388,0.0,0.0031558173,141.38992
0.0,0.0,129.48892,0.0,0.0,167.07104,-0.23162597,0.23162577,125.9211,0.0,0.0,167.9812
0.0,0.0,81.17644,0.0,0.0,206.36972,0.0,0.0,74.319374,0.0,0.0,209.8877
-1.4799398e-11,-0.00038503352,93.17112,0.0,0.0,192.05603,-0.012117391,0.01211738,79.76108,0.0,0.0,207.978
0.0,0.0,120.187515,0.0,0.0,149.01926,-2.602204,2.6022015,137.30063,0.0,0.0,141.27478
0.0,0.0,118.53232,0.0,0.0,171.76476,-1.6786541,1.6786523,134.28781,0.0,0.0,153.80061
0.0,0.0,120.44376,0.0,0.0,154.9165,-1.7279202,1.7279184,133.94756,0.0,0.0,138.23264
0.0,0.0,116.07912,0.0,0.0,151.86588,-1.1415182,1.1436563,125.447266,0.0,0.0017287653,140.66405
0.0,0.0,115.82919,0.0,0.0,163.83116,-0.26978004,0.27283558,118.69262,-5.1068608e-11,-0.00018005601,151.27205
0.0,0.0,121.62724,0.0,0.0,145.96559,2.1906975e-12,0.002141481,116.19951,5.279379e-11,-0.0004339697,144.21756
0.0,0.0,125.73871,0.0,0.0,152.72678,-2.1492004,2.149198,129.54031,0.0,0.0,148.6102
-9.003548e-12,-0.0020425809,118.85492,1.885136e-11,-0.0012557046,156.74509,1.0999592e-11,0.010695195,120.6187,-4.039753e-11,0.0014008569,134.11703
0.0,0.0,126.59321,0.0,0.0,168.1596,-0.7359353,0.7359345,127.19784,0.0,0.0,161.4421
0.0,0.0,82.538284,0.0,0.0,201.86795,0.0,0.0,78.13607,0.0,0.0,203.71375
0.0,0.0,84.8311,0.0,0.0,201.7731,0.0,0.0,66.23238,0.0,0.0,221.75351
5.2532624e-11,-0.0017247286,106.229034,-8.147333e-11,-0.0012457847,175.7521,0.0,0.00039809674,107.932205,0.0,0.004402575,166.8562
0.0,0.0,81.58683,0.0,0.0,199.0075,0.0,0.0,84.2324,0.0,0.0,200.05328
1.0076542e-11,-0.0009207054,108.92925,-8.626558e-12,0.0001388349,178.97972,-0.008430713,0.008430705,76.571014,0.0,0.0,202.92245
0.0,0.0,126.49263,0.0,0.0,162.56487,4.1113152e-13,-0.07016367,118.340034,0.0,0.0,169.45496
0.0,0.0,129.906,0.0,0.0,168.6188,1.4949788e-12,6.7765157e-13,120.83672,0.0,0.0,178.32481
0.0,0.0,129.876,0.0,0.0,168.24654,3.5759414e-12,1.9214996e-12,122.747345,0.0,0.0,176.13629
0.0,0.0,120.07085,0.0,0.0,160.591,-0.5454014,0.5452112,128.1479,0.0,0.0011994217,149.48
0.0,0.0,129.30104,0.0,0.0,158.90146,-3.6286553e-12,-0.00045924654,111.927376,0.0,0.0,162.67181
0.0,0.0,116.39739,0.0,0.0,175.19884,-1.3750435,1.3750422,131.11241,0.0,0.0,152.1025
0.0,0.0,130.51852,0.0,0.0,167.7583,1.3414019e-12,-6.8361007e-13,119.868576,0.0,0.0,174.36713
0.0,0.0,126.42502,0.0,0.0,161.51543,-0.11233477,0.056565832,121.729546,0.0,0.0,162.05688
0.0,0.0,123.85782,0.0,0.0,163.66183,-4.1588707e-12,-0.043352775,122.16063,0.0,0.0,159.78621
0.0,0.0,114.70536,0.0,0.0,155.16151,8.426113e-14,0.0034769557,126.5732,-6.152042e-11,-0.00025123864,132.29388
0.0,0.0,116.893425,0.0,0.0,144.55406,2.122924e-12,0.001921287,124.44482,0.0,0.0,127.33116
1.6187315e-11,-9.7910946e-05,81.34488,0.0,0.0,189.95895,5.552537e-12,-5.072282e-13,84.871796,0.0,0.0,182.98886
-7.768994e-11,-0.0020329296,114.549164,-2.1040093e-11,-0.0014418105,169.23938,0.0,-0.00038350755,114.805984,0.0,0.0041290545,162.4167
4.5110853e-11,-0.001079813,86.07665,1.3306709e-10,-0.00062901597,196.78662,-0.006134928,0.0061349226,81.48303,0.0,0.0,194.42416
0.0,0.0,88.41279,0.0,0.0,191.5104,0.0,0.0,79.33937,0.0,0.0,201.79684
0.0,0.0,131.69963,0.0,0.0,162.02145,1.7852124e-12,6.2394916e-12,122.62254,0.0,0.0,165.08736
0.0,0.0,127.39014,0.0,0.0,149.04666,2.5051863e-13,-0.06264591,120.60925,0.0,0.0,152.89915
0.0,0.0,79.503586,0.0,0.0,209.19662,0.0,0.0,79.57095,0.0,0.0,215.32364
0.0,0.0,79.950836,0.0,0.0,205.86844,0.0,0.0,79.24154,0.0,0.0,214.09163
0.0,0.0,123.94466,0.0,0.0,145.73213,3.2770976e-12,3.8961646e-12,123.5034,0.0,0.0,140.88483
0.0,0.0,132.95557,0.0,0.0,159.37698,-5.0971537e-13,-6.0794664e-13,119.83693,0.0,0.0,161.74255
0.0,0.0,135.06013,0.0,0.0,158.45662,-6.5156105e-13,-2.323553e-13,118.75881,0.0,0.0,168.719
0.0,0.0,115.44079,0.0,0.0,161.99364,6.1384344e-12,6.0665587e-12,125.34959,0.0,0.0,145.32092
0.0,0.0,82.92819,0.0,0.0,200.96184,0.0,0.0,77.20427,0.0,0.0,211.64441
0.0,0.0,123.91893,0.0,0.0,146.35048,-1.2494166e-12,-0.048438087,117.47331,0.0,0.0,143.33977
0.0,0.0,133.06644,0.0,0.0,164.10515,7.4443034e-13,7.4106335e-13,120.46597,0.0,0.0,169.92422
0.0,0.0,90.35056,0.0,0.0,192.51494,0.0,0.0,72.38637,0.0,0.0,212.70316
0.0,0.0,124.83666,0.0,0.0,160.7956,2.4432114e-12,2.6638722e-12,125.41193,0.0,0.0,156.82394
0.0,0.0,126.52495,0.0,0.0,148.02199,-4.6902005e-12,0.002447971,122.22373,0.0,0.001803728,158.67702
wheel_1_Force_x,wheel_1_Force_y,wheel_1_Force_z,wheel_2_Force_x,wheel_2_Force_y,wheel_2_Force_z,wheel_3_Force_x,wheel_3_Force_y,wheel_3_Force_z,wheel_4_Force_x,wheel_4_Force_y,wheel_4_Force_z
0.0,0.0,138.73317,0.0,0.0,187.58023,-2.30464e-13,5.891858e-13,113.97214,0.0,0.0,103.582535
0.0,0.0,115.218575,0.0,0.0,149.15411,-1.5156828e-12,1.5697051e-12,128.73282,0.0,0.0,148.7356
0.0,0.0,107.245445,0.0,0.0,169.05916,0.021122182,-0.021122262,136.16193,0.0,0.0,160.43968
0.0,0.0,125.47447,0.0,0.0,148.82948,-3.6663346e-12,1.6059491e-12,126.10721,0.0,0.0,135.57695
0.0,0.0,127.935875,0.0,0.0,159.1494,-2.8647232e-12,-1.874225e-14,119.53346,0.0,0.0,147.74393
0.0,0.0,122.73502,0.0,0.0,148.25258,-4.2683673e-12,3.5122565e-12,123.40778,0.0,0.0,121.55312
-0.00012153947,0.0009722938,120.47319,0.0,0.0,145.08731,-4.8678136e-12,-0.012621112,117.314316,0.0,0.0,147.1304
0.0,0.0,120.54084,0.0,0.0,150.37263,-1.2855845e-13,6.307461e-13,124.68683,0.0,0.0,119.88084
0.0,0.0,81.956055,-3.4909083e-11,-0.0003371321,198.54599,0.0,0.0,77.4631,0.0,0.0,225.90854
0.0,0.0,123.55562,0.0,0.0,139.24425,-1.8225317e-12,4.085928e-13,123.22456,0.0,0.0,118.750595
0.0,0.0,124.74951,0.0,0.0,149.3717,-1.043681e-12,8.84268e-14,125.05913,0.0,0.0,130.96632
0.0,0.0,119.50232,0.0,0.0,170.78401,-3.0464416e-12,1.2164217e-12,121.61342,0.0,0.0,166.33253
-0.00010987088,0.00087896606,125.5365,0.00015601174,-0.0015279518,159.22249,4.3751144e-12,-0.01323719,121.13214,0.0001413975,-0.0011311816,160.03157
0.0,0.0,128.75175,0.0,0.0,148.95276,-2.9806078e-13,-2.398138e-13,124.48299,0.0,0.0,167.12842
0.0,0.0,126.72927,0.0,0.0,155.185,-1.7156583e-12,1.1596366e-12,117.507645,0.0,0.0,140.11711
0.0,0.0,121.55081,0.0,0.0,154.01471,-1.3894778e-12,1.0709631e-12,134.06093,0.0,0.0,136.76802
0.0,0.0,121.968414,0.0,0.0,142.04272,8.5119027e-13,4.987909e-13,129.392,0.0,0.0,124.226006
0.0,0.0,118.89022,0.0,0.0,135.91086,3.0522854e-12,8.700445e-13,125.67041,0.0,0.0,122.269135
0.0,0.0,120.11122,0.0,0.0,147.74374,1.4867025e-12,8.183564e-13,124.20052,0.0,0.0,127.84318
0.0,0.0,123.65112,0.0,0.0,152.17973,0.0,0.0,131.82227,0.0,0.0,152.11087
0.0,0.0,115.703964,0.0,0.0,154.339,1.1760369e-12,1.1462613e-12,127.79289,0.0,0.0,121.41661
0.0,0.0,126.812126,0.0,0.0,159.371,2.347095e-12,2.059889e-12,118.41324,0.0,0.0,171.59119
0.0,0.0,128.16049,0.0,0.0,146.10338,1.3155616e-13,1.2624019e-12,120.63866,0.0,0.0,142.9405
0.0,0.0,84.1412,-8.9862605e-12,-0.00017205224,206.26813,0.0,0.0,76.83999,0.0,0.0,226.84396
0.0,0.0,121.88959,0.0,0.0,158.9195,-1.3807137e-12,-2.5947753e-13,126.245,0.0,0.0,149.68657
0.0,0.0,127.34924,0.0,0.0,153.12943,0.01699351,-0.016993573,116.91601,0.0,0.0,164.85855
0.0,0.0,83.84457,-9.0854095e-12,-0.00012842362,205.28311,0.0,0.0,81.68057,0.0,0.0,221.06467
0.0,0.0,127.67013,0.0,0.0,167.77635,2.7167879e-14,2.6213558e-13,127.22622,0.0,0.0,166.41776
0.0,0.0,124.05235,0.0,0.0,171.11319,-2.269325e-12,2.4975418e-13,126.09948,0.0,0.0,161.79422
0.0,0.0,131.5632,0.0,0.0,148.58957,-9.662476e-13,2.295292e-12,119.56287,0.0,0.0,162.05011
0.0,0.0,117.85344,0.0,0.0,155.80714,-7.886871e-13,8.5148224e-13,121.85349,0.0,0.0,136.33978
0.0,0.0,118.70414,-0.00012780254,0.0010325083,168.70859,6.1383173e-12,0.006004242,127.61285,-0.00011448034,0.0009158442,156.48299
0.0,0.0,120.819664,0.0,0.0,175.41687,0.010851313,-0.010851353,123.39481,0.0,0.0,177.41122
0.0,0.0,124.77333,0.0,0.0,157.24055,-2.3367098e-12,8.275221e-13,123.34199,0.0,0.0,158.32396
0.0,0.0,121.662704,0.0,0.0,150.80702,-1.9143717e-12,-4.5062556e-12,128.57164,0.0,0.0,124.50537
0.0,0.0,130.45709,0.0,0.0,162.46259,-1.6269905e-12,1.1668445e-12,117.60192,0.0,0.0,173.49042
0.0,0.0,123.061,0.0,0.0,175.54517,-2.5185665e-12,1.9037815e-13,121.98823,0.0,0.0,178.70517
0.0,0.0,86.309044,-4.4972772e-11,4.8259713e-05,202.49509,0.0,0.0,74.025085,0.0,0.0,218.63177
0.0,0.0,121.13719,0.0,0.0,160.719,-2.2422374e-12,1.693474e-12,130.63565,0.0,0.0,139.34778
0.0,0.0,122.88054,0.0,0.0,173.84079,-1.5802382e-12,2.5212076e-12,122.31128,0.0,0.0,165.04211
0.0,0.0,128.17293,0.0,0.0,166.84827,-3.640558e-12,-5.1813337e-12,124.71417,0.0,0.0,172.00822
0.0,0.0,82.21096,-3.0106303e-11,0.00012927217,197.24153,0.0,0.0,93.038055,0.0,0.0,200.93178
0.0,0.0,128.79001,0.0,0.0,157.42648,-1.4238164e-12,4.2195173e-13,119.617065,0.0,0.0,164.31317
0.0,0.0,84.85393,-3.717227e-14,0.00019110617,203.64708,0.0,0.0,78.543564,0.0,0.0,214.90477
0.0,0.0,126.04987,0.0,0.0,160.8259,-1.378677e-12,1.2265829e-12,117.70598,0.0,0.0,151.18646
0.0,0.0,130.28174,0.0,0.0,155.24245,-4.1374987e-11,-1.5853694e-12,116.71783,0.0,0.0,166.10039
0.0,0.0,126.55529,0.0,0.0,156.3659,-4.799736e-12,3.4992777e-12,127.20958,0.0,0.0,158.41429
0.0,0.0,118.28849,0.0,0.0,151.2331,2.0004974e-12,2.2358556e-12,125.0508,0.0,0.0,128.11617
0.0,0.0,122.41988,0.0,0.0,174.70625,-1.176984e-12,2.5510904e-12,124.06947,0.0,0.0,179.26196
0.0,0.0,126.82509,0.0,0.0,160.32883,-1.7574219e-12,6.041242e-13,126.90596,0.0,0.0,156.42296
0.0,0.0,124.52985,0.0,0.0,138.16176,-4.0692452e-13,9.515701e-13,118.423004,0.0,0.0,129.4501
0.0,0.0,126.47933,0.0,0.0,149.59251,-1.1829724e-12,1.3534875e-12,129.48657,0.0,0.0,134.7836
0.0,0.0,124.09181,0.0,0.0,167.96191,-5.306991e-13,2.8209397e-12,126.33411,0.0,0.0,160.78342
-5.4465613e-06,4.357232e-05,83.61076,0.0,0.0,199.5562,0.0,0.0104106795,88.48894,0.0,0.0,214.87556
0.0,0.0,124.23337,0.0,0.0,164.98859,-1.0281552e-12,4.8396617e-13,117.23305,0.0,0.0,149.30055
0.0,0.0,79.332085,0.0,0.0,205.3565,0.0,0.0,89.25507,0.0,0.0,209.4358
0.0,0.0,117.8117,0.0,0.0,163.4282,-4.2484753e-12,4.041328e-12,136.95155,0.0,0.0,144.4671
0.0,0.0,76.38446,0.0,0.0,206.33264,0.0,0.0,93.325424,0.0,0.0,206.89774
0.0,0.0,74.77304,0.0,0.0,210.52946,0.0,0.0,94.91167,0.0,0.0,208.15186
0.0,0.0,121.958534,0.0,0.0,169.89413,-4.400557e-12,3.5160997e-12,127.726555,0.0,0.0,167.2919
0.0,0.0,119.45042,0.0,0.0,139.29147,-1.044658e-12,1.8596379e-12,124.74258,0.0,0.0,120.80532
0.0,0.0,123.799774,0.0,0.0,149.42407,-3.1172534e-12,-5.650974e-13,130.77441,0.0,0.0,145.52058
0.0,0.0,125.94498,0.0,0.0,173.09738,-1.2852241e-12,9.4754215e-14,126.26217,0.0,0.0,169.86346
0.0,0.0,124.301895,0.0,0.0,161.539,-6.343864e-13,4.6069913e-13,120.29568,0.0,0.0,145.93079
0.0,0.0,129.66713,0.0,0.0,161.31076,-3.5015348e-12,1.2579931e-12,121.39717,0.0,0.0,162.45499
0.0,0.0,115.36515,0.0,0.0,176.04807,-4.7770243e-12,-3.2749882e-13,134.45636,0.0,0.0,148.98755
0.0,0.0,119.34792,8.798345e-06,-7.038913e-05,138.62943,-3.294316e-12,-1.4162952e-12,131.96182,0.0,0.0,119.64783
0.0,0.0,126.17469,0.0,0.0,155.75038,-2.07923e-12,-2.9279788e-13,133.62868,0.0,0.0,147.26118
0.0,0.0,118.871506,0.0,0.0,163.01837,-4.9622676e-12,1.000044e-12,125.36164,0.0,0.0,144.79855
0.0,0.0,128.11484,0.0,0.0,169.47714,-1.1563817e-12,1.114361e-12,128.60693,0.0,0.0,166.58827
0.0,0.0,126.37374,0.0,0.0,150.19128,-2.3215499e-12,1.1815787e-12,119.07214,0.0,0.0,141.38689
0.0,0.0,120.10997,0.0,0.0,156.25952,-3.0274507e-12,2.6808146e-12,126.35141,0.0,0.0,151.89668
0.0,0.0,127.045135,-0.0003540042,0.0028320327,136.38965,0.0,0.0,132.93353,-3.2371685e-05,0.00025897348,136.48903
0.0,0.0,127.617004,0.0,0.0,171.78912,-1.8165622e-12,1.0598838e-12,127.661736,0.0,0.0,170.46527
0.0,0.0,79.47906,0.0,0.0,206.892,0.0,0.0,83.005714,0.0,0.0,209.7377
0.0,0.0,122.55952,0.0,0.0,156.74086,-7.785489e-12,6.625425e-12,125.18767,0.0,0.0,147.2185
0.0,0.0,119.07057,0.0,0.0,157.02295,-1.26750615e-11,2.1997675e-11,127.92541,0.0,0.0,167.33954
0.0,0.0,81.76155,0.0,0.0,200.34955,0.0,0.0,88.86813,0.0,0.0,211.87698
0.0,0.0,80.630646,0.0,0.0,204.57977,0.0058541987,-0.005854221,97.661446,0.0,0.0,203.32411
0.0,0.0,79.21309,0.0,0.0,205.70706,0.0,0.0,91.27133,0.0,0.0,207.76804
-2.5792517e-05,0.00020634012,82.13691,-2.320242e-06,1.8561677e-05,198.43947,0.007919872,-0.007919901,99.512314,0.0,0.0,194.39445
0.0,0.0,119.50455,0.0,0.0,157.97728,-3.106135e-12,7.878189e-12,131.33218,0.0,0.0,148.5004
0.0,0.0,129.74309,0.0,0.0,158.17247,-4.2696508e-13,1.7508096e-12,125.72879,0.0,0.0,158.88348
0.0,0.0,128.85898,0.0,0.0,157.34688,-1.3960081e-13,-1.2574319e-12,128.59842,0.0,0.0,156.57889
0.0,0.0,117.647316,0.0,0.0,150.50739,-6.5975945e-14,5.6259505e-14,127.03663,0.0,0.0,122.98908
